#{"t_start": 1763679237.74574, "env_id": "hover-aviary-v0"}
r,l,t
11.52036,7,2.613091
22.853061,14,2.684358
13.102759,8,2.736512
13.146542,8,2.786057
28.805744,18,2.847688
14.647135,9,2.898685
28.848889,19,2.961203
14.771395,9,3.015274
16.45311,10,3.077482
21.784063,13,3.144965
35.276881,21,3.309671
16.547753,10,3.377947
11.579244,7,3.436107
13.077618,8,3.494049
14.813088,9,3.549978
11.467811,7,3.611159
26.001446,16,3.701989
15.01376,9,3.758077
17.840423,11,3.826798
16.511689,10,3.897312
19.554608,12,3.958267
16.21222,10,4.024863
16.46827,10,4.117783
19.919297,12,4.224566
9.793489,6,4.279506
44.438462,29,4.351558
14.780742,9,4.402898
12.954592,8,4.453945
34.376143,43,4.568646
32.89914,40,4.685777
20.939329,13,4.753438
40.084866,27,4.851612
19.440672,12,4.910687
17.989344,11,4.966406
16.68781,10,5.025488
20.500969,13,5.094008
20.996438,13,5.1877
16.47646,10,5.332249
20.826624,13,5.451406
15.04886,9,5.539508
11.562272,7,5.630759
25.41545,17,5.715557
33.359403,20,5.80263
16.288114,10,5.855006
19.663476,12,5.908861
12.996944,8,5.972337
17.880379,11,6.030127
9.928717,6,6.085495
13.258319,8,6.242627
28.00717,17,6.648702
18.228902,11,6.730232
29.740945,18,6.827949
16.292977,10,6.941965
9.92782,6,6.996485
14.618694,9,7.063874
21.701507,13,7.163933
13.092609,8,7.335779
19.329141,12,7.445949
16.454116,10,7.602123
13.109687,8,7.691366
20.638398,13,7.765949
14.827032,9,7.837239
21.230975,13,7.906002
11.569653,7,7.9678
11.63838,7,8.022941
11.487971,7,8.082028
16.286038,10,8.138856
34.788165,22,8.252902
16.425201,10,8.370077
14.881724,9,8.441683
11.508751,7,8.503819
22.691342,14,8.593432
21.433074,13,8.673228
29.479856,30,9.091152
19.628531,12,9.177451
14.534289,9,9.236546
19.317029,12,9.354685
14.703469,9,9.496732
28.806291,18,9.635696
16.478628,10,9.703602
22.51247,14,10.02122
31.375012,19,10.210994
14.808944,9,10.290938
18.043451,11,10.481135
25.08207,16,10.553599
13.092716,8,10.602973
13.032691,8,10.654961
11.396759,7,10.703964
14.891711,9,10.761425
17.712294,11,10.816387
14.78404,9,10.905738
21.702255,13,10.960374
17.658581,11,11.020375
19.845842,12,11.076365
13.255225,8,11.129364
16.358678,10,11.187363
21.243544,13,11.246706
13.222711,8,11.299779
27.17105,17,11.358706
13.174808,8,11.408017
19.611423,12,11.462621
11.323682,7,11.511621
11.552745,7,11.563589
11.505639,7,11.614925
40.194295,24,11.686994
31.678136,21,11.750411
14.575011,9,11.802479
25.750517,16,11.86141
16.332261,10,11.913409
13.219757,8,11.970215
13.188119,8,12.028712
38.333396,90,12.195096
16.427678,10,12.247365
13.16659,8,12.300599
20.884316,13,12.365599
37.3703,56,12.467707
14.749594,9,12.517699
9.902435,6,12.563696
14.741796,9,12.613698
29.569958,18,12.673696
14.711317,9,12.724085
11.474252,7,12.771823
11.464308,7,12.818894
14.784805,9,12.868897
48.890299,30,12.939897
11.499433,7,12.990821
11.458704,7,13.042871
9.857227,6,13.093046
19.733766,12,13.157103
16.526979,10,13.221047
21.139606,13,13.291043
22.096163,14,13.354454
13.165283,8,13.414517
17.852768,11,13.467831
14.535555,9,13.52147
13.15561,8,13.57352
17.472753,11,13.627524
16.574761,10,13.681147
14.948223,9,13.732715
13.196329,8,13.783787
27.151204,17,13.848715
25.906278,16,13.912637
14.721189,9,13.970842
20.774875,13,14.066246
17.903092,11,14.135302
14.853166,9,14.202674
44.872508,38,14.309436
21.008147,13,14.371186
11.495009,7,14.440611
18.108143,11,14.515198
70.898976,67,14.693222
11.410657,7,14.77069
18.098004,11,14.844174
22.670618,14,14.915266
34.018087,21,14.992664
13.317154,8,15.069979
18.12696,11,16.737626
15.931489,10,16.81342
13.103641,8,16.882938
9.900437,6,16.941352
21.131318,13,17.003278
19.684793,12,17.062218
16.586025,10,17.122938
23.283642,14,17.185579
20.954255,13,17.245547
11.635863,7,17.315632
14.733469,9,17.392225
16.292268,10,17.457863
13.190081,8,17.515389
38.27498,24,17.592597
19.606529,12,17.652306
26.530918,16,17.718089
19.663051,12,17.788084
13.052306,8,17.838978
16.577378,10,17.893034
16.587944,10,17.951564
18.292957,11,18.005102
21.971689,14,18.062708
14.91493,9,18.121838
11.37851,7,18.189385
14.691195,9,18.252467
14.583527,9,18.324391
19.729104,12,18.412242
32.538697,20,18.523495
14.831187,9,18.614608
13.069902,8,18.691594
29.912162,18,18.75428
18.162655,11,18.806218
29.098944,18,18.865428
14.953501,9,18.915437
26.780069,17,18.97351
11.484877,7,19.021765
13.05497,8,19.076622
14.767701,9,19.126904
9.852764,6,19.173745
13.032454,8,19.22224
21.18128,13,19.27962
9.862464,6,19.327344
12.893054,8,19.376979
18.154512,11,19.428981
16.181588,10,19.479978
23.520453,14,19.535418
19.603887,12,19.587783
21.50375,13,19.641698
9.853157,6,19.688695
25.513616,16,19.748698
50.209166,36,19.827767
24.31703,15,19.883694
25.695381,16,19.940696
19.744237,12,19.992697
19.503295,12,20.046077
27.711889,18,20.10509
13.107293,8,20.154163
31.493886,20,20.21809
9.871522,6,20.267099
19.604265,12,20.320099
29.383329,18,20.378642
22.337488,14,20.433649
17.823684,11,20.48572
14.74194,9,20.535645
17.707564,11,20.59651
16.58838,10,20.648347
19.250137,12,20.701374
16.479734,10,20.751973
17.881712,11,20.803985
14.477729,9,20.852988
13.17086,8,20.901985
14.652853,9,20.95138
13.141024,8,21.00031
17.950228,11,21.05231
28.989901,18,21.11131
24.799837,16,21.168309
11.391545,7,21.216389
18.002344,11,21.26838
24.151901,15,21.324306
37.449923,25,21.391305
16.401881,10,21.441212
23.008355,14,21.501713
38.778954,27,21.591524
23.662752,15,21.646769
27.635787,17,21.705488
34.842742,28,21.775561
17.748034,11,21.827491
15.130971,9,21.87756
28.476105,17,21.935487
16.480875,10,21.986487
12.991489,8,22.035557
35.613849,30,22.107558
16.794889,10,22.15856
17.950292,11,22.211486
13.10012,8,22.260742
11.422984,7,22.308202
9.821809,6,22.354486
16.538052,10,22.404655
11.517082,7,22.451465
21.119515,13,22.505391
9.91679,6,22.551634
11.469946,7,22.599564
21.020761,13,22.653562
33.86413,22,22.718529
11.592543,7,22.766249
16.422834,10,22.817065
33.94371,21,22.879651
19.908242,12,22.93265
35.159006,29,23.011649
14.665068,9,23.062995
17.919908,11,23.115244
31.386441,20,23.177325
25.630261,16,23.233316
14.922827,9,23.286389
34.468201,58,23.389388
13.160663,8,23.438388
9.856507,6,23.485388
16.552431,10,23.547686
16.242662,10,23.614168
14.935957,9,23.672274
34.210934,22,23.745344
14.871078,9,23.79527
19.702729,12,23.84827
33.522365,36,23.929391
14.617405,9,23.978391
13.154941,8,24.026939
24.277111,15,24.082844
9.945129,6,24.129842
11.506279,7,24.177841
18.099268,11,24.229914
16.46783,10,24.281914
24.354152,15,24.338043
14.944538,9,24.387499
9.873346,6,24.433786
13.025572,8,24.483849
11.521205,7,24.532846
14.84507,9,24.581948
17.739068,11,24.633945
23.026628,14,24.689173
13.036073,8,24.738637
19.298911,12,24.790972
44.829449,31,24.8701
19.423925,12,24.926265
30.613415,42,25.012254
13.199257,8,25.060182
13.181587,8,25.109155
18.021535,11,25.160345
13.194314,8,25.209342
9.968774,6,25.256342
17.883815,11,25.308342
13.322233,8,25.358341
24.524917,15,25.414185
25.868987,16,25.471474
11.486882,7,25.519403
23.804647,15,25.575473
13.018874,8,25.624473
9.950726,6,25.670403
20.893191,13,25.724402
26.975594,17,25.782402
17.903248,11,25.834399
14.892532,9,25.883471
9.826546,6,25.931398
23.110721,14,25.986091
9.853861,6,26.032671
19.238638,12,26.085669
35.281886,23,27.394061
14.858712,9,27.472566
9.985704,6,27.533856
14.661301,9,27.589242
21.880678,13,27.660642
26.783174,17,27.725379
29.580852,18,27.798762
21.180282,13,27.871049
14.632238,9,27.928509
11.502642,7,27.991951
21.215638,13,28.053129
22.346737,14,28.120744
13.113693,8,28.180443
13.027441,8,28.23973
39.777682,36,28.356705
14.946857,9,28.421625
13.092008,8,28.485517
14.970164,9,28.547267
14.711373,9,28.613148
20.557305,13,28.683054
18.048857,11,28.746443
16.348337,10,28.806373
13.181405,8,28.890342
14.954869,9,28.980556
29.51664,19,29.207217
31.843058,21,29.342361
17.839626,11,29.41732
33.537985,23,29.507716
26.329757,16,29.591938
14.599227,9,29.652275
14.567911,9,29.705106
14.900787,9,29.760196
18.087181,11,29.813339
18.017261,11,29.866259
38.872019,23,29.937877
16.43451,10,29.995962
14.733614,9,30.046962
29.872716,18,30.112115
16.431011,10,30.163987
28.455536,18,30.224892
9.875417,6,30.272979
13.013993,8,30.325553
9.800063,6,30.378684
13.160028,8,30.433684
19.644222,12,30.512185
25.105707,15,30.608463
9.832987,6,30.667569
27.885625,17,30.744585
21.605639,13,30.81369
9.884634,6,30.880255
9.817719,6,30.933238
32.540999,22,31.004858
17.844042,11,31.058787
14.718126,9,31.111832
14.564905,9,31.171777
22.962082,14,31.33623
9.922579,6,31.385736
24.266,15,31.443443
28.038441,17,31.501441
9.816729,6,31.550455
16.442313,10,31.678679
11.575638,7,31.746655
19.664587,12,31.818484
36.329992,23,31.901951
25.988228,16,31.968786
18.368969,11,32.032022
37.130179,23,32.109955
13.213,8,32.166525
13.117876,8,32.227029
16.313763,10,32.279337
17.69913,11,32.331309
34.745655,56,32.43339
14.577343,9,32.483387
14.599476,9,32.533679
11.59184,7,32.580908
16.415,10,32.632483
22.603284,14,32.687692
26.786987,17,32.746561
20.90138,13,32.800432
24.408461,15,32.856864
21.332898,13,32.909794
21.051322,13,32.963864
19.695136,12,33.016865
41.805862,33,33.091793
14.820185,9,33.149864
16.45598,10,33.201822
12.963667,8,33.255098
17.979139,11,33.306178
18.35521,11,33.359169
20.469813,13,33.413168
36.842668,64,33.523094
16.363883,10,33.573524
32.759219,21,33.636998
9.894812,6,33.684186
35.914369,58,33.787612
19.486067,12,33.840838
26.064796,16,33.898439
27.125854,17,33.956735
13.193335,8,34.004412
36.699144,26,34.072444
19.824984,12,34.126484
16.590551,10,34.176486
20.57692,13,34.232411
21.22878,13,34.286513
27.770549,17,34.344517
18.092321,11,34.395922
11.583083,7,34.443727
16.30534,10,34.493932
17.925381,11,34.546534
13.177469,8,34.595354
16.063554,10,34.646537
30.022066,19,34.707536
11.452402,7,34.758533
22.697019,14,34.81262
14.790289,9,34.862624
25.996878,16,34.92162
14.651286,9,34.97162
21.264496,13,35.025867
29.354459,18,35.084867
19.662296,12,35.139864
35.303555,22,35.202794
14.869356,9,35.252796
23.489381,15,35.309415
13.105565,8,35.357739
32.202226,21,35.420666
20.564816,13,35.475107
14.611747,9,35.524924
11.453167,7,35.572825
28.349155,17,35.630824
17.85656,11,35.683213
23.256848,14,35.738779
18.131263,11,35.790542
18.127688,11,35.842911
36.046,24,35.908285
35.171449,24,35.973739
22.695871,14,36.029134
11.526142,7,36.07665
17.936508,11,36.128772
32.382239,39,36.212378
13.284977,8,36.261692
14.935579,9,36.312033
29.193381,20,36.372631
12.989854,8,36.42122
28.820275,18,36.480551
11.513741,7,36.528566
13.34912,8,36.577183
19.384033,12,36.631099
33.622921,30,36.703188
23.165001,14,36.758188
11.524861,7,37.930171
15.018345,9,37.982419
14.826503,9,38.034527
30.191808,40,38.12719
23.078004,14,38.182958
32.868295,20,38.274878
19.914808,12,38.327628
27.811211,17,38.451504
14.877538,9,38.52361
21.577333,13,38.592527
13.021784,8,38.650661
11.520768,7,38.708853
28.605565,18,38.782375
9.84129,6,38.836394
28.190764,18,38.90013
14.674471,9,38.952478
13.081977,8,39.001557
13.073709,8,39.04956
11.361818,7,39.097481
13.189517,8,39.146565
16.381699,10,39.198631
26.456921,16,39.256628
21.362272,13,39.31063
17.875088,11,39.362628
18.07916,11,39.424121
21.356238,13,39.494044
18.066946,11,39.549869
13.085111,8,39.598938
8.212417,5,39.644939
11.545211,7,39.695865
25.22352,16,39.752938
40.460133,27,39.820864
23.672755,14,39.876751
17.682693,11,39.928679
36.616645,35,40.006681
16.265324,10,40.057679
16.313955,10,40.108313
23.738313,15,40.164492
29.994392,19,40.225315
19.35887,12,40.278566
44.804034,29,40.348984
23.889361,15,40.415884
26.042115,16,40.515645
13.093578,8,40.576175
24.97328,15,40.640406
24.764507,15,40.701612
14.477103,9,40.751619
14.987635,9,40.800632
49.20886,32,40.874631
25.671057,16,40.932546
17.87806,11,40.984071
16.251022,10,41.034837
27.570134,18,41.093959
30.369842,19,41.154757
38.908539,58,41.26077
13.076487,8,41.30884
18.165463,11,41.360769
39.118488,34,41.444074
26.309148,16,41.501147
23.213228,14,41.555074
33.522734,42,41.643149
18.241992,11,41.695145
11.600495,7,41.742073
29.040058,18,41.801433
28.578635,17,41.861267
21.599969,13,41.916429
25.378364,16,41.973428
23.711712,14,42.028428
33.573102,21,42.091355
16.262279,10,42.142357
13.018506,8,42.197354
17.942791,11,42.260039
18.151624,11,42.317036
35.839273,21,42.395141
16.313193,10,42.448476
32.476687,21,42.512755
27.669637,17,42.57011
34.623597,22,42.634854
19.676084,12,42.687535
20.820398,13,42.742193
11.499536,7,42.790186
29.055143,18,42.850494
20.057163,12,42.903491
9.870784,6,42.950421
29.049065,19,43.01042
11.561825,7,43.05842
23.03552,15,43.113492
13.140451,8,43.16249
14.990599,9,43.212489
13.163973,8,43.260419
24.936815,15,43.31949
19.49374,12,43.37349
9.82655,6,43.434487
33.258599,21,43.497415
22.891362,14,43.552415
16.183931,10,43.603417
16.239422,10,43.655414
21.83237,13,43.710538
32.255425,22,43.773054
17.885605,11,43.82505
25.21025,16,43.882454
27.154639,17,43.941379
16.249288,10,43.992378
13.091292,8,44.040378
30.71684,19,44.100451
17.779484,11,44.15238
13.086222,8,44.200458
21.431006,13,44.255377
19.166083,12,44.319537
16.540217,10,44.3707
24.722658,15,44.428901
21.089474,13,44.483901
18.050539,11,44.537207
19.674586,12,44.589571
16.498873,10,44.640192
19.780078,12,44.693436
21.928392,14,44.749952
20.997685,13,44.80358
22.830555,14,44.858581
27.958547,18,44.917579
38.023941,24,44.985508
14.486055,9,45.035509
19.903192,12,45.094508
22.490666,14,45.154505
17.857237,11,45.206582
23.18522,14,45.264504
9.863593,6,45.310507
39.558737,25,45.376967
27.563296,17,45.435804
14.737108,9,45.484728
16.434151,10,45.535731
21.43067,13,45.589728
16.218941,10,45.642017
16.326916,10,45.693016
14.750789,9,45.742388
23.027953,14,45.797284
16.219277,10,45.849211
16.277377,10,45.900219
19.163162,12,45.952211
13.077694,8,46.001208
18.246455,11,46.054281
21.724775,13,46.107281
11.466302,7,46.155285
28.399733,19,46.215737
29.090224,18,46.274686
11.583176,7,46.322758
29.665438,19,46.382619
26.389968,16,47.546492
19.650905,12,47.603103
40.770431,26,47.676208
19.289974,12,47.733132
35.785667,59,47.837192
34.433725,23,47.901441
19.822755,12,47.954708
16.210824,10,48.005429
9.85618,6,48.051681
13.288561,8,48.101225
19.580859,12,48.154762
37.164771,40,48.697483
17.769245,11,48.841259
11.288739,7,48.897296
14.630165,9,48.960405
14.818941,9,49.022256
11.56759,7,49.078629
24.84745,15,49.148268
32.311846,20,49.214944
13.115984,8,49.270941
34.181052,21,49.332894
14.77375,9,49.382683
11.450154,7,49.452785
18.111104,11,49.512469
17.866567,11,49.565158
18.040559,11,49.616225
32.161265,21,49.678154
25.034456,15,49.742345
40.121592,26,49.826434
24.758645,15,49.894829
33.909668,22,49.960391
11.390357,7,50.008626
23.905344,15,50.063655
14.817187,9,50.113584
23.509098,14,50.179898
39.004819,31,50.278298
21.153467,13,50.334884
24.249335,15,50.406798
13.041973,8,50.486553
9.864964,6,50.544952
16.461297,10,50.603707
13.168507,8,50.652231
30.803028,19,50.712785
23.981517,15,50.768271
17.93685,11,50.827409
21.850285,14,50.88233
11.590032,7,50.929948
9.875095,6,50.97729
38.572029,41,51.060287
20.4994,13,51.114355
29.65151,18,51.173374
22.657904,14,51.228923
28.747352,19,51.290074
11.507014,7,51.33772
14.7273,9,51.396067
38.825584,26,51.467305
24.540321,15,51.594416
26.059433,16,51.657821
36.014208,23,51.722325
13.153643,8,51.770855
37.297169,24,51.838852
32.589887,22,51.902111
19.760253,12,51.955038
14.630767,9,52.005108
28.504704,17,52.062108
34.625459,21,52.124729
16.18914,10,52.175655
14.787996,9,52.225658
25.291118,16,52.282384
11.419641,7,52.329553
16.316769,10,52.383765
26.938625,17,52.441736
14.917032,9,52.491666
40.198215,26,52.558662
28.353131,17,52.616906
30.042263,19,52.676467
58.035799,87,52.811436
16.509341,10,52.861903
36.565816,23,52.927297
16.561611,10,52.987625
25.92693,16,53.080561
38.123721,24,53.169888
13.102816,8,53.226889
31.519851,20,53.292606
14.64164,9,53.734298
11.417071,7,54.226914
30.665417,19,54.506138
16.44912,10,54.649737
21.204989,13,54.861764
9.807867,6,54.911138
27.200146,17,54.9692
16.434377,10,55.022192
13.350032,8,55.096882
24.162958,15,55.202764
22.135338,14,55.27281
34.333316,23,55.532549
25.76056,16,55.647009
12.93984,8,55.72927
13.355943,8,55.809361
14.559172,9,55.939707
25.744555,16,56.497992
14.704256,9,56.609479
11.492849,7,56.778165
13.035804,8,56.886981
31.775399,20,57.46905
29.497787,18,57.622779
34.09168,21,57.724034
13.016759,8,57.785206
11.538201,7,57.834397
39.203631,25,57.9029
25.103773,16,57.959406
16.301604,10,58.011136
13.151021,8,58.059283
14.815667,9,58.109167
37.362722,52,58.226094
11.499088,7,58.31109
18.080795,11,58.36794
39.869936,39,58.450274
13.259164,8,58.500272
43.191625,29,58.570274
16.5076,10,58.625363
51.803564,38,58.705291
16.35958,10,58.757291
16.282449,10,58.807361
20.895778,13,58.862361
14.883509,9,58.911287
26.340258,16,58.968552
19.458753,12,59.021074
37.652036,23,59.086146
16.522656,10,59.136075
13.055771,8,59.185146
17.853699,11,59.250839
16.190062,10,59.308937
36.987499,35,60.564157
32.473159,20,60.636865
30.889941,20,60.698618
29.350957,18,60.757271
13.090601,8,60.806646
13.028123,8,60.854918
23.129003,14,60.910258
30.326828,20,60.972478
11.476902,7,61.01944
34.484069,35,61.099517
19.851041,12,61.151512
35.349119,39,61.234439
48.510673,33,61.308438
16.599767,10,61.361453
33.56886,24,61.428461
16.552449,10,61.479452
14.605432,9,61.529449
27.570333,17,61.59058
24.250347,15,61.646004
13.056272,8,61.696162
96.490027,145,61.89507
55.339169,65,62.008065
23.135267,14,62.062622
14.808717,9,62.112705
21.267118,13,62.166702
20.506509,13,62.220775
38.599086,55,62.330773
21.094221,13,62.385154
20.091738,12,62.438222
16.385714,10,62.49015
29.205091,18,62.549153
26.079872,16,62.60515
19.611069,12,62.659148
16.574374,10,62.710145
24.62242,15,62.765269
66.464329,56,62.86587
40.242415,40,62.948942
15.094866,9,62.99894
11.558869,7,63.045939
16.344462,10,63.096866
46.664341,40,63.179866
27.393937,17,63.237943
36.16956,27,63.3513
48.758957,35,63.433267
33.027872,48,63.621702
40.471504,25,63.721469
39.784738,24,63.796752
40.059815,25,63.877007
17.676916,11,63.949071
29.26903,19,64.010861
50.370292,50,64.108241
27.523713,17,64.166731
22.955093,14,64.221749
18.12186,11,64.272826
26.303521,16,64.330822
19.10501,12,64.390752
29.563465,18,64.477313
33.471844,20,64.541765
14.664058,9,64.591763
40.920368,25,64.659969
13.202912,8,64.708969
14.780383,9,64.757977
29.830177,19,64.821549
45.342096,44,64.908516
13.119798,8,64.957513
11.572551,7,65.005515
24.208316,15,65.064578
13.17689,8,65.113507
13.206065,8,65.162509
16.672823,10,65.213508
37.384193,98,65.359509
14.909303,9,65.432086
19.472377,12,65.51702
17.695267,11,65.576748
32.073826,43,65.663453
11.662103,7,65.711089
29.815088,19,65.771342
33.085352,20,65.832039
13.211265,8,65.881036
22.82203,14,65.935038
28.882196,17,65.993114
11.471581,7,66.040035
13.124789,8,66.089035
14.849796,9,66.138251
42.251845,48,66.231174
30.858992,20,66.292003
66.802584,59,66.411165
21.467409,13,66.467944
64.713086,43,66.552867
16.297664,10,66.606886
24.420511,15,66.663888
37.444599,22,66.726886
38.531274,25,66.794885
29.392509,29,68.117584
16.325357,10,68.174635
26.80659,17,68.242634
25.668036,16,68.309636
35.246004,31,68.391268
19.69131,12,68.461257
35.443674,22,68.528316
27.997404,17,68.587763
32.716214,20,68.653549
19.92941,12,68.712934
29.141494,18,68.791223
13.072676,8,68.846706
13.068039,8,68.898716
57.305423,43,68.989793
45.796165,59,69.10379
32.442201,20,69.171804
53.679761,158,69.444568
17.938646,11,69.500498
24.430841,15,69.556977
50.163631,40,69.63998
19.79434,12,69.691979
17.808847,11,69.743977
25.445313,16,69.800203
39.435414,27,69.86985
14.775867,9,69.920774
16.174238,10,69.971868
18.290954,11,70.029796
13.113984,8,70.084347
32.895725,23,70.153341
16.539754,10,70.2043
20.075376,12,70.256343
35.537983,41,70.34227
18.140864,11,70.3941
19.680535,12,70.451908
23.95481,15,70.507908
52.564351,66,70.628953
35.377843,36,70.726779
58.763003,40,70.814389
19.441997,12,70.872419
30.843733,29,70.949818
28.19041,17,71.012751
35.870041,32,71.092744
14.962118,9,71.144815
40.777511,43,71.271065
42.347525,75,71.409199
19.837776,12,71.48112
19.170448,12,71.571301
34.79262,23,71.674389
13.273882,8,71.742211
34.039512,21,71.946199
26.853319,17,72.099551
14.734064,9,72.190431
14.992288,9,72.52149
26.184888,17,72.604611
24.707484,15,72.67303
36.345521,22,72.742671
16.320709,10,72.790122
37.357512,25,72.853195
24.41382,15,72.903287
38.451992,26,72.966774
32.370703,19,73.024501
26.349791,16,73.079451
38.959158,27,73.165453
19.001549,12,73.325819
22.7884,14,73.392996
21.167041,13,73.450677
47.395879,44,73.554904
45.633222,29,73.668686
16.495951,10,73.731172
21.743682,13,73.793206
13.030688,8,73.847967
16.6365,10,73.907444
25.566358,16,73.97521
23.02204,14,74.038407
28.051573,17,74.112437
44.005459,26,74.272876
16.729651,10,74.389503
11.589534,7,74.917011
42.854555,47,75.137
37.307229,46,75.276683
14.712509,9,75.343255
20.031738,12,75.401411
16.434949,10,75.452495
25.192683,15,75.510492
41.194008,26,75.578492
40.307509,57,75.718434
19.616856,12,75.776563
33.221296,21,75.852029
11.516556,7,75.900958
42.456949,28,75.975732
36.306062,24,76.042692
14.646583,9,76.093863
41.951508,25,76.163194
16.779583,10,76.213403
38.229861,45,77.645437
37.026203,28,77.728684
37.186477,33,77.818595
38.76003,24,77.8981
29.474001,19,77.958216
31.476581,37,78.037131
32.673544,20,78.098158
34.390453,21,78.159422
17.940381,11,78.213498
9.857704,6,78.263494
35.898195,25,78.363038
40.740951,40,78.446513
16.410338,10,78.507522
50.516077,32,78.675399
50.040134,50,78.808121
23.144212,15,78.880344
30.266458,18,78.956868
31.515953,19,79.040684
27.66734,17,79.100811
13.201741,8,79.154389
19.421679,12,79.207664
42.194341,27,79.276765
17.958618,11,79.338765
34.280168,24,79.436518
29.308905,18,79.512436
37.050886,37,79.591811
50.670258,44,79.67835
17.892457,11,79.730437
13.201927,8,79.77863
33.425915,21,79.841037
13.036027,8,79.890702
23.004996,14,79.945631
18.089951,11,80.008628
13.204275,8,80.057702
31.78925,20,80.118706
8.269361,5,80.163631
22.946193,14,80.218914
14.846523,9,80.268817
53.38037,52,80.363814
27.404714,17,80.461907
14.719462,9,80.523341
15.963771,10,80.583445
21.488959,14,80.638546
21.694238,13,80.692839
35.775553,33,80.768839
16.546666,10,80.819836
29.260492,18,80.878914
16.314453,10,80.929835
14.614473,9,80.978835
19.588843,12,81.03166
39.835777,25,81.097836
14.799862,9,81.147835
11.48624,7,81.19492
22.345264,14,81.249832
40.654263,29,81.321751
26.361167,16,81.385303
42.010044,102,81.547564
35.11851,22,81.611716
19.735263,12,81.669643
18.505604,11,81.723173
17.982294,11,81.774173
14.613384,9,81.824252
43.776016,30,81.896407
19.795531,12,81.949403
36.776691,26,82.017329
49.399866,51,82.112513
16.445792,10,82.162513
19.588227,12,82.216512
28.77689,19,82.280375
34.888325,54,82.385661
26.458608,16,82.45216
11.532575,7,82.500158
81.901621,50,82.59316
24.724497,15,82.649261
14.886975,9,82.699274
64.459219,76,82.820355
14.942353,9,82.870429
13.152025,8,82.919354
36.131224,52,83.015279
37.987315,27,83.083357
17.743286,11,83.134664
37.646646,44,83.224799
27.685911,17,83.284434
43.840892,30,83.45284
49.32397,30,83.603573
46.235035,38,83.685081
13.133562,8,83.735018
36.506389,46,83.825032
24.272162,15,83.88202
44.669008,28,83.951955
16.204902,10,84.015894
22.223502,14,84.090035
30.872842,19,84.166036
26.420718,17,85.45727
25.01469,15,85.52527
37.263498,48,85.637676
28.249,17,85.695679
59.841282,49,85.785884
33.54766,23,85.850339
34.527022,21,85.914336
68.129321,94,86.055331
32.453758,33,86.13154
39.536165,56,86.233127
34.44353,33,86.310712
36.995824,22,86.373455
19.852216,12,86.42755
40.59865,47,86.516547
24.525252,15,86.572539
26.365926,16,86.62998
14.847398,9,86.67998
32.089815,31,86.754007
35.772531,22,86.817008
28.249081,17,86.876036
38.594555,30,86.949078
25.599349,16,87.006351
21.254959,13,87.061421
39.236187,25,87.145264
36.69837,44,87.250651
19.609633,12,87.305652
14.505745,9,87.362648
45.584654,50,87.476093
13.156712,8,87.544322
28.69094,17,87.61999
14.856238,9,87.694967
16.170849,10,87.759732
22.666562,14,87.818201
11.552462,7,87.872142
19.463821,12,87.926562
22.348273,14,87.989861
26.65096,16,88.046848
17.830405,11,88.099088
44.987523,59,88.202169
16.714197,10,88.25316
14.763043,9,88.599763
42.325719,29,88.839905
35.117531,45,89.051538
51.986142,41,89.195556
16.180718,10,89.271511
49.474208,60,89.422559
24.690405,15,89.482283
42.312314,29,89.558375
42.208092,52,89.655372
62.212875,39,89.735451
34.05433,22,89.798562
31.03594,19,89.859487
33.455005,20,89.924489
18.159661,11,89.978489
32.248657,20,90.039489
14.858048,9,90.089563
27.716221,18,90.148489
33.283156,21,90.211558
19.590121,12,90.264488
30.820319,20,90.327485
13.198402,8,90.383959
14.699056,9,90.461303
23.959112,15,90.525185
31.13852,39,90.608287
45.227008,52,90.710386
55.042629,54,90.806861
32.645726,39,90.889667
13.214717,8,90.938593
54.925918,53,91.039572
38.186134,45,91.128047
13.073831,8,91.177099
33.46735,20,91.23822
29.077359,18,91.298941
40.19944,40,91.39258
37.568155,40,91.535816
49.543255,35,91.618276
49.92999,35,91.695278
44.008506,27,91.764575
24.26111,15,91.821206
47.337655,61,93.18348
41.110338,54,93.300267
42.495943,43,93.392499
33.872211,23,93.458489
44.103762,32,93.531673
44.300471,27,93.600056
62.589644,56,93.700518
39.193403,24,93.766424
38.903097,23,93.831051
41.407313,25,93.898595
29.092504,18,93.958737
13.144187,8,94.006923
35.685776,22,94.071917
43.996607,43,94.158373
22.311176,14,94.213833
60.282489,85,94.345829
16.151723,10,94.396309
24.625051,15,94.452185
17.725417,11,94.505257
16.565369,10,94.556181
37.550479,28,94.625853
22.714807,14,94.681389
38.237998,49,94.775316
36.810486,56,94.875315
66.273762,43,94.963314
39.080259,29,95.034384
48.580174,30,95.105697
59.332518,39,95.187344
17.995081,11,95.239352
43.625847,31,95.312341
42.555346,27,95.381443
60.240637,44,95.469378
26.122606,16,95.526377
44.989768,31,95.59856
23.859392,15,95.657611
33.081397,43,95.743609
14.621292,9,95.793612
35.501945,23,95.857608
53.633429,53,95.955536
77.567849,83,96.083538
24.710054,15,96.140608
21.638486,13,96.193607
40.729456,28,96.262982
29.626876,18,96.322979
39.324002,29,96.393981
35.593663,27,96.463936
47.961142,28,96.533011
14.894686,9,96.584008
32.994359,21,96.64524
43.575826,28,96.715155
16.41075,10,96.767511
47.787104,34,96.84323
34.944821,49,96.938984
47.727509,58,97.040912
16.451602,10,97.100036
22.890885,14,97.159341
49.056519,40,97.242803
21.059473,13,97.298675
28.105437,17,97.356514
26.392482,16,97.414774
35.382641,69,97.530773
25.844715,16,97.58777
20.885285,13,97.641073
22.433576,14,97.696888
30.387876,18,97.755841
27.172961,17,97.813897
33.856961,39,97.897045
42.519818,47,97.992972
39.88734,26,98.060974
57.097518,52,99.375755
41.263442,54,99.49748
52.351183,67,99.616365
71.630158,41,99.701621
35.638846,36,99.781679
60.346577,36,99.859345
50.51935,30,99.931595
36.766777,62,100.0387
30.488961,46,100.129339
22.492442,14,100.185977
38.659679,24,100.250979
48.312789,77,100.376659
35.426227,61,100.484885
11.506866,7,100.532814
54.005659,42,100.617196
31.388705,19,100.677553
32.041241,20,100.738286
34.955985,21,100.802531
20.540955,13,100.856461
28.303054,17,100.91546
49.4005,61,101.02046
45.785706,73,101.136467
18.163299,11,101.189264
47.267466,65,101.299568
57.304791,70,101.414481
43.057841,53,101.511966
60.698345,36,101.590044
51.771519,42,101.67397
50.19097,31,101.746972
27.996093,17,101.804969
18.075984,11,101.858042
22.551046,14,101.913043
16.180452,10,101.965043
38.689612,92,102.10706
40.445194,28,102.17699
51.761626,54,102.27599
46.265592,29,102.35591
42.632329,70,102.475348
43.462434,32,102.548605
41.036185,51,102.645055
43.17302,27,102.713708
55.225588,39,102.795122
19.72323,12,102.851752
106.368292,88,103.001098
26.247466,16,103.057788
19.494797,12,103.112962
33.933697,22,103.17597
55.862248,52,103.270842
41.956872,44,103.358561
88.533042,53,103.456686
43.322285,29,103.527613
43.634708,29,103.599536
31.35454,19,103.65923
45.055338,51,103.755926
35.646446,22,105.028887
38.119552,47,105.133311
32.027484,19,105.204794
38.926226,50,105.300518
74.280404,43,105.385421
19.807568,12,105.438873
81.956169,60,105.5418
59.637549,35,105.619913
96.274071,73,105.737915
31.797017,50,105.831984
56.702419,76,105.952985
53.074896,54,106.049985
38.868734,61,106.157108
45.401104,50,106.280875
36.838701,24,106.361168
35.941829,48,106.482012
83.511991,69,106.62659
39.911804,25,106.693588
40.786773,76,106.817619
107.623174,72,106.94274
41.961275,26,107.010742
64.008347,69,107.125812
55.248841,80,107.262426
61.847086,91,107.405246
45.197139,32,107.480337
40.921883,56,107.581536
57.460503,42,107.667061
33.269769,27,107.737578
27.62561,18,107.796505
74.529785,126,107.974598
40.740215,51,108.068461
79.632754,69,108.18046
67.87215,46,108.272315
48.608084,30,108.344642
50.109317,73,108.460724
33.909812,20,108.522723
61.538843,62,108.640852
50.038074,53,108.739928
22.588602,14,108.795884
66.205039,98,108.944618
41.868457,42,110.247847
54.613848,81,110.405292
48.423772,30,110.477509
63.863201,69,110.589313
37.043185,54,110.68673
50.808909,33,110.762192
29.905207,19,110.826262
38.168552,23,110.890192
35.769768,24,110.955262
48.018935,74,111.075006
44.725055,57,111.173856
44.747706,61,111.27948
41.310559,45,111.367479
52.007418,49,111.461476
40.064965,29,111.531843
73.431366,44,111.617914
35.98678,24,111.684106
53.89734,60,111.787547
91.895142,64,111.894549
44.520254,48,111.986548
34.075216,23,112.050677
30.263972,22,112.113679
47.368838,70,112.228549
79.167604,64,112.337687
47.452163,42,112.421686
107.780674,80,112.54399
67.592148,49,112.635137
38.214182,23,112.699066
44.394604,27,112.769066
74.223919,60,112.872116
76.417809,53,112.968789
42.76904,29,113.038785
49.413276,70,113.151645
44.095924,28,113.221645
32.25948,22,113.285732
46.810635,30,113.358243
67.232586,69,113.4707
37.735483,24,113.537283
41.38942,74,113.655942
42.334062,50,113.748967
48.632039,43,113.834323
45.586098,66,113.961291
46.543253,46,114.049351
99.405501,85,115.406367
37.294731,24,115.49678
59.111008,89,115.655653
39.006093,35,115.732938
73.07078,46,115.821017
38.282088,28,115.891997
55.108666,60,115.994729
43.977843,48,116.085611
59.171801,41,116.170117
13.285663,8,116.219191
46.091066,54,116.318116
74.386572,68,116.434232
58.231719,61,116.538382
82.074466,54,116.634311
63.861013,69,116.746296
151.079145,81,116.875245
55.48331,35,116.953246
74.054051,56,117.053313
60.204221,72,117.168003
66.319883,89,117.304924
44.373242,35,117.391911
36.857341,47,117.485476
86.911619,67,117.59635
38.694119,47,117.68721
49.950047,86,117.81845
136.158014,102,117.966735
76.111683,53,118.061863
62.356072,51,118.157262
45.231567,34,118.233119
71.244285,83,118.365434
40.285472,27,118.435571
47.378534,44,118.521452
19.417999,12,118.575261
61.590849,69,118.689339
50.950997,45,118.777336
45.656125,48,118.870491
36.339909,54,118.983479
36.138776,38,119.065263
40.008285,47,119.155264
48.861666,79,120.517437
52.319371,83,120.657368
56.407165,36,120.735359
58.057873,38,120.815356
72.194645,77,120.935431
106.07268,158,121.145784
44.996561,28,121.215644
53.603617,56,121.314718
42.254197,56,121.41464
103.822284,64,121.52164
107.920834,65,121.629712
69.534171,42,121.713639
54.270327,40,121.795253
83.556476,101,121.942578
33.959311,45,122.030578
58.742935,44,122.116639
118.075035,64,122.223385
59.559536,66,122.340375
50.856711,32,122.414123
104.36243,78,122.536445
72.096393,44,122.622445
45.021494,30,122.695445
52.282406,33,122.770444
58.138035,60,122.874441
76.733341,44,122.964893
64.86394,99,123.105815
44.854572,29,123.176171
76.671283,77,123.297165
73.382021,45,123.385051
64.977856,45,123.472064
109.947785,108,123.623693
79.799872,51,123.716766
58.103413,49,123.807386
43.533182,78,123.930766
126.720206,71,125.251609
114.146519,87,125.405173
73.115616,51,125.498981
151.445438,109,125.651442
92.886658,52,125.746312
65.117562,72,125.861321
36.639494,25,125.928321
80.36842,72,126.043396
41.223694,27,126.111468
60.870998,40,126.193396
60.172561,63,126.301497
46.514077,33,126.379496
68.020343,49,126.470084
105.37095,103,126.617406
68.124096,43,126.702405
67.087432,41,126.785782
44.757106,66,126.898622
56.38469,51,126.992626
76.743856,101,127.141876
72.590118,53,127.238029
60.060043,39,127.318956
62.10192,53,127.414958
66.864061,53,127.510652
78.553452,57,127.609292
151.605854,105,127.758983
112.259664,105,127.90854
54.639244,36,127.988627
93.905275,64,128.101058
57.354853,105,128.250413
149.471798,85,128.384129
72.862213,50,128.479409
138.423074,83,128.60548
102.834588,63,129.961707
74.126664,50,130.074532
124.890133,75,130.197655
58.862405,72,130.312975
82.029981,47,130.403972
120.68625,127,130.578045
93.526975,95,130.717143
114.848443,76,130.837297
89.708678,77,130.959226
37.664106,58,131.06139
110.708302,81,131.185301
88.988589,53,131.282303
65.726651,115,131.447089
62.205743,81,131.571174
78.138154,86,131.700261
35.358787,24,131.766336
66.705192,115,131.929303
87.378584,51,132.022622
99.908711,64,132.129781
65.753442,52,132.225771
82.472229,47,132.315914
118.795539,71,132.432913
61.47366,41,132.515912
63.58884,42,132.599159
125.657209,108,132.750265
69.157115,50,132.842322
52.605178,51,132.937265
45.474774,29,133.011516
68.615452,42,133.094585
106.474165,192,134.578109
81.41193,51,134.685313
82.08549,49,134.778346
73.807061,73,134.894691
97.885351,80,135.02077
87.055114,54,135.119882
111.742538,58,135.220131
68.088763,66,135.330206
74.444501,46,135.419133
43.518107,29,135.490213
59.217311,44,135.575304
69.175091,70,135.688032
59.145817,65,135.794952
76.356694,79,135.918951
131.798922,75,136.038375
76.874784,44,136.124287
97.607339,99,136.689272
70.882569,64,136.917272
97.240331,90,137.122881
63.031547,121,137.456619
56.868799,38,137.589646
77.621735,57,137.72936
189.152022,126,138.040311
123.123035,67,138.199518
128.217805,66,138.346284
149.630587,119,138.706645
78.916713,69,138.894535
92.481293,69,139.063886
85.358264,139,141.270305
41.670931,26,141.449793
96.042733,57,141.597813
77.693026,82,141.817856
130.387735,74,142.025155
146.456697,84,142.164136
44.011922,27,142.232696
91.240624,53,142.329863
68.854194,57,142.431855
123.419389,70,142.56107
107.638429,59,142.689245
148.943576,82,142.81366
72.207283,46,142.902736
112.85263,87,143.041694
87.851161,95,143.183994
67.727557,107,143.33832
81.511875,64,143.44732
163.037786,81,143.57366
77.414042,109,143.725735
128.963855,99,143.868807
135.009211,125,144.038638
86.785853,79,144.176637
73.98441,71,144.300895
127.225514,95,144.442742
63.062111,65,144.551441
56.156137,59,144.652526
86.098869,52,144.747159
61.798903,146,146.156802
92.924519,62,146.285511
53.842324,143,146.480637
134.180281,77,146.601738
88.032557,87,146.734431
73.463907,49,146.826428
110.279745,77,146.947427
106.803196,109,147.101718
166.722337,101,147.255235
153.300934,89,147.415483
143.132747,93,147.550479
118.246221,64,147.656886
94.371954,121,147.823899
60.741577,40,147.906551
68.095012,65,148.016579
141.349432,86,148.146283
51.676921,32,148.220737
109.802193,87,148.352473
180.390539,125,148.523323
138.548988,79,148.644805
91.393752,78,148.765963
243.259554,163,148.97534
175.919387,101,149.118674
106.13802,67,149.230488
131.890494,77,150.589641
187.43138,106,150.762933
77.056219,47,150.851792
151.334333,98,150.995832
138.095183,89,151.127832
103.195532,57,151.227828
82.778593,74,151.346831
96.637703,80,151.469827
126.110914,69,151.580901
114.475643,75,151.698829
104.568707,82,151.823976
131.065753,65,151.931976
205.098572,134,152.112375
86.171837,94,152.25273
191.198881,111,152.410528
74.974399,70,152.522897
80.941251,49,152.613969
124.74837,141,152.801287
231.536768,129,152.975905
270.374497,147,153.168395
195.2607,125,153.339065
115.352063,90,153.473272
358.02099,209,154.987384
185.267871,99,155.132383
127.898114,99,155.276385
278.284914,142,155.463738
236.489933,121,155.628267
40.988439,25,155.694266
286.093498,188,155.928265
118.843839,69,156.038871
99.659553,75,156.15805
140.253654,87,156.29005
224.12788,159,156.498133
182.690426,133,156.675982
161.42154,104,156.82305
182.628373,147,157.016654
232.158869,150,157.210647
205.60674,141,157.401199
183.923712,98,157.542275
251.464094,137,159.008798
264.269156,148,159.226338
198.416422,152,159.425333
197.853786,104,159.572361
144.119042,105,159.720755
96.095905,172,159.938516
244.721519,144,160.127515
129.615217,91,160.262372
314.678292,157,160.465666
348.253866,237,160.752188
206.180656,149,160.945765
193.518053,141,161.130956
97.50425,80,161.253955
277.888627,165,161.464581
312.766869,154,162.959865
176.374665,115,163.160318
153.927623,115,163.321807
243.933764,148,163.513732
313.790991,242,163.802813
221.814912,115,163.963142
210.984426,121,164.126672
277.949283,144,164.363465
193.490453,118,164.526692
178.038839,112,164.683213
167.905959,110,164.84034
241.992039,126,165.011264
213.470614,176,165.232511
204.494012,128,165.407544
88.492049,169,165.622022
154.76544,80,165.744536
307.155196,167,167.256191
198.765659,125,167.435267
260.38232,133,167.612191
285.292879,154,167.810707
224.704578,122,167.97752
225.298059,119,168.146128
182.325535,117,168.312229
318.75726,162,168.517299
243.838799,132,168.707814
219.201373,117,168.870783
238.647913,134,169.051865
234.283122,129,169.224858
250.192252,130,169.405566
293.524948,168,169.61908
289.969832,159,171.028264
256.112239,140,171.246319
248.639088,138,171.433259
264.093449,150,171.627259
251.570151,131,171.802257
262.679092,131,171.978506
311.434701,163,172.186739
270.0899,143,172.377948
249.462295,141,172.563026
286.662252,145,172.751977
220.526205,128,172.923823
280.915621,145,173.119714
270.590563,141,173.306916
257.914085,134,173.486912
259.451999,125,173.654839
258.145926,137,175.109133
248.465827,134,175.307586
263.041306,138,175.511688
266.269764,140,175.715565
310.499771,153,175.920414
255.838483,136,176.101594
234.135432,115,176.260308
269.955846,136,176.440834
236.113956,129,176.614635
269.042991,142,176.800213
263.070536,127,176.973857
272.779252,131,177.14939
293.559375,156,177.353635
227.376775,152,177.554013
259.579432,147,177.744313
266.630151,132,179.155674
247.296779,123,179.337494
217.748337,109,179.493001
272.511642,141,179.697859
266.609125,135,179.877858
266.63541,130,180.052845
249.5702,128,180.229
276.10989,141,180.416358
231.152455,121,180.579707
259.790624,128,180.752574
306.183203,154,180.952115
286.070139,161,181.158942
279.248302,140,181.34494
223.59335,122,181.516183
273.562593,136,181.700712
247.078991,128,183.105006
282.104932,139,183.316265
244.343288,134,183.498134
279.059686,146,183.689332
432.748943,223,183.959334
290.674744,148,184.153494
297.326845,147,184.345243
294.60433,147,184.538243
282.25434,138,184.722239
228.379403,115,184.883384
267.102688,133,185.063273
322.253484,158,185.26912
221.349827,123,185.435899
254.10364,135,185.619209
264.045202,135,185.884983
256.961717,124,187.373173
242.211285,123,187.54363
253.343632,128,187.717574
232.570071,121,187.881818
262.274466,130,188.057947
250.878648,126,188.229497
228.068149,119,188.39715
223.734961,119,188.560313
228.882133,117,188.721464
239.852893,129,188.89496
249.53692,128,189.066549
294.784753,148,189.260588
211.144023,115,189.420501
259.961757,130,189.594991
250.704627,127,189.765408
282.041789,140,189.949099
233.513635,129,191.374738
239.624432,123,191.549728
245.263347,130,191.725776
300.219682,149,191.92035
264.976911,134,192.100582
261.917451,136,192.283003
251.625438,134,192.462168
237.001527,113,192.617812
373.253008,180,192.842887
274.195986,136,193.026003
252.626357,131,193.202729
330.435314,166,193.415214
270.966928,136,193.597306
245.813719,123,193.764317
299.766744,150,193.959778
274.17512,138,195.379105
285.188722,137,195.568436
283.552957,145,195.757498
251.478668,128,195.955142
278.183428,143,196.152398
302.597576,147,196.347635
294.019061,151,196.548995
258.526886,135,196.729419
252.168699,122,196.9099
262.732127,134,197.087992
280.530655,139,197.274025
374.225445,181,197.505099
269.454767,136,197.705877
268.605691,129,197.884041
240.650521,122,199.306252
255.007906,128,199.503024
232.991223,120,199.667834
325.863222,162,199.875628
284.569294,141,200.059911
269.396869,132,200.235032
266.653847,126,200.411029
251.551999,126,200.578782
299.993238,151,200.775881
263.815863,129,200.948952
280.804964,136,201.129043
312.179585,153,201.331177
335.256015,159,201.539
245.049843,125,201.712059
290.620985,144,201.902283
260.895374,131,203.538996
311.747746,148,203.787549
296.48463,147,204.096875
252.027937,125,204.305941
274.26232,143,204.599865
267.763478,133,204.857046
266.794653,138,205.10896
252.784705,124,205.353611
251.852409,127,205.579735
248.311689,128,205.821575
248.41946,125,206.077044
294.804803,152,206.36892
324.948221,163,206.716228
256.30453,125,206.918288
259.62171,131,207.112463
281.898008,138,208.887821
268.085799,134,209.126291
277.478688,140,209.360381
258.297416,129,209.562612
244.742908,124,209.75461
245.089839,117,209.94627
324.238174,156,210.23732
285.127029,140,210.494976
251.706972,122,210.792515
304.773395,146,211.022231
279.01211,141,211.244535
309.227294,161,211.476029
301.016422,146,211.692108
242.819033,125,211.901142
292.475901,145,212.350392
305.126359,152,213.998967
250.070343,121,214.201939
299.704088,154,214.439129
265.663559,124,214.649816
298.955677,147,214.875177
278.750017,139,215.114221
276.412311,139,215.336091
271.845414,135,215.5983
290.909963,143,215.910329
269.544039,136,216.384665
252.533,124,216.734073
283.306194,136,217.377655
334.879909,171,218.242234
297.63629,148,218.606974
284.707731,137,218.905586
292.580095,139,221.203671
291.273387,142,221.666949
263.01873,125,222.119359
279.495106,137,222.648947
311.931108,151,223.184109
265.913783,128,223.854628
284.245754,149,225.221318
305.138134,143,226.775717
266.952495,130,227.992213
250.018461,125,228.43533
262.406437,128,228.763901
311.759402,153,229.143487
301.998467,150,229.387165
284.02078,136,229.584953
289.217646,141,232.788897
282.576533,139,233.525546
302.265095,143,233.773722
273.636141,135,234.030272
277.495235,143,234.281845
234.448486,116,234.551436
278.24682,141,234.841046
268.473435,130,235.048616
304.826403,145,235.314399
278.470707,139,235.68487
263.040139,126,235.996337
301.606638,144,236.30784
252.150532,124,236.574323
241.807966,113,236.871057
278.885307,138,237.185617
308.508939,151,237.604875
268.501729,132,240.63663
282.787538,143,241.003398
304.223204,155,241.54792
273.554902,131,241.84981
285.59654,142,242.280727
267.212843,131,242.72049
258.894051,126,243.081569
282.267324,143,243.435048
307.34078,148,243.780531
315.748711,150,244.105403
312.948477,154,244.338329
276.335235,139,244.547684
303.942467,146,245.539871
323.996362,159,245.832297
295.668223,142,247.316504
306.933328,155,247.635772
328.294963,157,247.857584
313.540869,153,248.101269
249.971071,124,248.300631
277.989486,135,248.533997
299.596547,145,248.780445
266.04485,127,249.011101
230.021883,113,249.219062
279.247826,139,249.495111
256.370413,126,249.706757
264.408413,128,249.906827
321.841601,156,250.115824
327.060779,157,250.439445
249.57911,120,251.022011
293.737788,139,252.553564
342.242937,163,252.769964
253.168113,129,252.948931
286.933858,139,253.158408
286.739006,134,253.359566
281.340128,140,253.608567
282.221691,135,253.818382
302.695127,152,254.06577
251.965218,125,254.258439
249.354736,126,254.448134
312.108291,150,254.663202
288.174069,142,254.881476
281.738581,140,255.08326
273.994043,129,255.280948
296.137984,143,258.237047
300.124098,140,259.210339
307.218047,147,259.537637
267.083136,129,259.815053
274.97899,129,260.023094
278.945116,133,260.311282
295.465413,144,260.7999
244.038812,123,260.987627
282.776233,136,261.212177
258.324904,120,261.422877
265.74805,126,261.644433
282.184608,136,262.288851
256.300143,128,262.547778
288.526691,136,262.82873
282.44239,139,263.100666
284.754641,142,263.388678
240.987985,119,265.140869
264.539324,129,265.424549
307.174637,152,266.167068
268.452624,126,266.421214
300.769185,146,266.642992
285.477451,141,266.831277
269.257502,130,267.043887
281.012493,135,267.228301
250.115334,119,267.422569
278.72102,130,267.61856
286.85913,140,267.805481
299.465859,144,267.99749
277.5302,131,268.173202
279.407537,133,268.351957
298.543541,139,268.544955
280.898459,136,269.893417
301.23714,150,270.099571
270.602109,127,270.273578
359.685845,170,270.492615
298.719812,141,270.680617
290.774297,139,270.863362
274.284609,129,271.03596
274.458566,132,271.213406
301.523385,142,271.398919
300.100483,142,271.586005
286.424464,139,271.771153
285.955938,140,271.956899
259.581101,124,272.12513
294.932967,143,272.316225
289.477092,139,272.500623
267.482376,129,273.823298
286.888404,138,274.015731
300.387817,146,274.207737
305.094172,142,274.393855
300.942894,144,274.583524
319.245015,152,274.791649
249.512521,118,274.953177
299.409703,145,275.144056
293.122268,137,275.327168
312.608855,149,275.525516
297.498423,143,275.733299
263.022723,127,275.904478
272.391284,129,276.078078
298.464156,142,276.265213
286.865758,139,277.594814
301.429209,142,277.800501
253.403424,119,277.963572
303.11217,143,278.150574
299.367611,143,278.346378
287.372964,136,278.525966
272.248808,132,278.7033
269.267795,128,278.875866
307.403832,149,279.068364
294.264234,136,279.249518
274.348027,128,279.432195
288.769031,137,279.617036
288.368053,133,279.794035
323.142717,159,279.997034
275.408154,133,280.178187
256.414501,119,280.341706
290.110891,140,281.696648
349.14273,164,281.91048
313.917019,150,282.106406
325.491204,154,282.307206
293.545554,138,282.490259
274.441226,128,282.66121
298.239231,137,282.84269
277.792173,133,283.019909
296.39041,149,283.213169
332.307515,160,283.418047
304.377176,142,283.607268
294.88601,142,283.794194
306.179934,146,283.984462
295.194267,142,284.171536
277.499783,135,285.635249
285.415833,136,285.814644
304.567197,142,286.000864
293.200759,136,286.181201
319.913193,155,286.381636
282.616559,135,286.561071
283.226199,136,286.741765
262.446553,124,286.915308
263.714074,125,287.083234
329.566113,156,287.284232
308.770843,144,287.475176
303.140124,142,287.724055
255.179549,121,287.914145
318.235889,151,288.109493
330.951237,156,289.457062
293.124249,139,289.670616
279.750949,132,289.849009
288.533504,138,290.030963
276.112896,129,290.205945
318.83893,148,290.401918
288.123676,135,290.58262
313.670077,151,290.777728
282.592829,132,290.954907
314.319981,150,291.149974
308.46429,143,291.337956
299.367677,143,291.526539
301.615646,143,291.715523
303.279551,144,291.904474
290.222697,135,292.083499
326.699519,153,293.42291
299.652527,141,293.619096
302.07071,142,293.805274
316.468484,149,294.000242
310.584444,147,294.190877
309.98246,146,294.384725
294.008808,139,294.571826
290.740025,136,294.752992
315.931304,152,294.950068
335.628755,159,295.15248
341.550584,164,295.361901
289.774302,141,295.567813
295.909359,140,295.755263
300.816719,141,295.942762
335.892134,158,297.299915
288.040553,136,297.490758
296.807935,142,297.692251
293.609671,138,297.876727
276.306018,130,298.051652
317.497863,150,298.247393
296.717693,141,298.433323
281.838476,134,298.612479
289.217423,136,298.792469
312.490124,146,298.981812
274.668592,129,299.155583
333.104891,155,299.358594
316.427263,150,299.554847
304.20997,143,299.744158
316.454728,146,301.07031
315.39344,146,301.288312
346.962917,165,301.499237
338.056535,161,301.707099
288.716396,134,301.887169
299.718585,139,302.071251
314.187844,146,302.263565
281.649696,132,302.444636
315.911177,149,302.638728
289.442949,139,302.822675
274.085335,130,302.999317
284.292867,136,303.180244
284.350246,133,303.358639
293.608645,141,303.546935
303.913176,142,303.736816
308.538118,141,305.095227
294.427275,136,305.289208
343.320449,160,305.495435
327.402784,152,305.694643
337.935597,156,305.894823
356.766561,166,306.105103
296.100372,136,306.358916
284.777976,131,306.637045
270.289036,127,306.898561
290.634861,137,307.164249
314.328544,147,307.506588
306.244133,142,307.77185
275.108957,131,307.965357
289.161398,139,308.235351
292.940541,138,309.625111
307.42455,143,309.822102
308.110996,143,310.010098
308.980933,142,310.197097
312.145748,144,310.387383
316.631215,150,310.586113
281.131616,132,310.763527
306.791912,148,310.956456
325.955854,154,311.156613
354.635868,165,311.36661
286.761537,133,311.544609
324.753335,151,311.744838
325.518041,154,311.944839
302.97362,141,312.130927
322.282667,149,313.485898
311.925291,149,313.702931
347.165338,158,313.905918
265.516393,127,314.075843
307.380268,144,314.263953
295.019649,139,314.446953
307.914471,142,314.635954
301.008045,142,314.828191
292.671473,135,315.007905
289.497822,136,315.187986
308.531183,145,315.383612
305.407569,145,315.575099
332.017958,154,315.777484
332.089386,158,315.980222
305.668265,142,317.693176
304.071547,144,317.942139
316.517707,149,318.225039
321.042608,151,318.552341
311.756159,145,318.921705
318.760888,147,319.290717
335.605878,157,319.745089
328.270017,154,320.088761
292.35661,135,320.418732
272.028324,130,320.627918
312.564409,146,320.823083
339.812932,158,321.033211
317.740427,147,321.228278
295.685759,136,321.413379
292.082735,136,322.726452
293.920794,137,322.921778
326.173276,155,323.121793
340.558155,158,323.327466
319.758129,148,323.555696
389.176482,185,323.817525
330.549664,155,324.024382
307.05833,147,324.217206
323.338936,151,324.414142
349.52102,166,324.626704
304.768628,145,324.816392
334.594936,156,325.017718
323.427139,150,325.215127
334.271639,156,325.428791
292.81422,137,326.754124
340.03733,158,326.974428
309.805271,143,327.169483
354.014804,165,327.380829
329.20855,154,327.605655
317.13497,145,327.797797
336.802293,157,328.003996
343.326916,157,328.206582
339.260421,162,328.414653
319.797256,148,328.60884
355.364571,164,328.820839
324.160453,149,329.018287
299.399712,140,329.202786
341.218816,162,330.579762
277.792073,129,330.768835
349.118294,164,330.977983
321.874677,152,331.174274
339.378374,157,331.376199
369.068092,171,331.715816
364.296583,168,331.929919
345.038794,161,332.135918
317.153443,148,332.329104
342.354527,162,332.537109
315.501911,147,332.729347
322.333678,151,332.924905
320.257334,150,333.118903
311.185806,146,334.458057
373.730659,175,334.698053
313.619275,147,334.890052
320.616766,150,335.085236
314.342682,144,335.275238
347.699805,163,335.499116
318.747006,148,335.694552
337.90986,158,335.900824
335.879463,159,336.103675
334.351418,156,336.306321
354.371982,166,336.517057
319.353922,147,336.721418
309.1732,144,336.909763
358.320866,167,338.269024
317.242059,149,338.480682
345.582011,164,338.690758
362.79148,173,338.910835
331.432228,156,339.112647
349.131153,162,339.320759
360.718654,167,339.53437
305.745987,144,339.727705
317.894993,145,339.91878
313.386074,149,340.112895
317.055444,146,340.305041
341.434776,158,340.509037
338.012665,156,340.714327
345.529332,157,340.922401
348.849599,163,342.263557
306.65511,142,342.457634
370.839447,172,342.674891
393.000664,186,342.906817
380.905789,177,343.130414
342.784928,159,343.333376
349.729069,163,343.540667
344.75422,161,343.745637
338.034415,157,343.948709
331.721987,155,344.148023
384.682501,177,344.371833
346.114272,162,344.578485
310.845712,144,345.914827
358.755454,165,346.137823
364.560401,169,346.354727
302.329421,144,346.543656
348.881253,161,346.750875
347.433055,163,346.959711
377.411678,175,347.180983
366.354835,171,347.397629
349.63166,162,347.604714
349.153203,165,347.817922
326.424118,151,348.013851
329.227659,153,348.21185
333.090749,157,348.414849
359.374983,169,349.80429
399.716502,187,350.048576
325.195629,152,350.246398
371.593259,175,350.467879
330.666649,154,350.665667
365.144516,167,350.88163
359.507505,166,351.091585
362.976732,166,351.312391
344.300603,163,351.536177
338.432365,154,351.736872
373.994047,176,351.960115
345.728915,166,352.170722
329.170858,153,353.528645
355.983218,170,353.76491
338.071896,156,353.989756
338.144593,155,354.189108
351.16303,163,354.397341
360.449393,168,354.609416
378.58649,174,354.832144
328.747775,153,355.034291
326.503566,151,355.231221
386.995652,178,355.457198
356.72242,168,355.669441
327.076653,153,355.869714
334.821431,155,356.068841
381.277452,175,357.435305
325.536727,152,357.645233
369.534432,172,357.861416
349.717401,161,358.070174
346.10885,161,358.303132
369.484633,170,358.520136
361.588145,166,358.73172
360.198728,168,358.944793
336.041363,156,359.146384
354.062841,164,359.361386
343.192439,157,359.568042
410.489652,190,359.80508
373.381954,174,361.185533
419.414274,196,361.448701
450.039038,208,361.700922
383.957063,178,361.929111
353.66604,163,362.138188
363.749017,168,362.35926
397.842767,185,362.591356
356.630002,166,362.803889
358.099955,166,363.017945
335.532216,156,363.218597
414.723302,194,363.458701
368.991426,170,363.672925
367.340879,171,365.042985
369.012512,169,365.261213
379.266202,172,365.480449
349.579674,163,365.688809
376.592044,174,365.913109
383.526541,176,366.135694
379.787504,172,366.354442
398.469686,187,366.595089
344.703393,161,366.810823
365.951661,168,367.026137
397.256979,184,367.256307
370.830222,173,367.47611
353.964512,165,369.008853
422.039589,194,369.278655
399.020215,185,369.522654
449.728721,209,369.793737
414.464946,190,370.041737
407.871066,186,370.286664
430.514712,198,370.543663
403.064202,187,370.788174
394.143738,181,371.023664
392.4063,183,371.256933
389.424508,178,371.479227
387.87437,181,372.913839
420.344785,196,373.161718
371.264635,172,373.37771
435.552888,203,373.626756
410.7198,191,373.865756
379.69802,176,374.099007
399.572683,185,374.330476
406.395304,187,374.574899
385.355921,180,374.805358
397.772335,186,375.036364
412.079372,191,375.272896
393.754902,183,376.668193
443.438833,202,376.917432
420.115588,193,377.155865
429.098513,202,377.430694
424.560518,195,377.670012
423.426234,196,377.9143
384.062975,174,378.132256
387.835434,181,378.358484
434.05067,201,378.603556
423.355351,197,378.850586
362.935588,169,380.209824
385.22156,179,380.446541
452.664625,212,380.702543
384.276373,178,380.926541
479.507211,222,381.19354
390.14067,179,381.416618
372.27604,173,381.63278
423.14617,196,381.87442
426.237609,195,382.114769
422.265172,194,382.353303
388.426364,178,382.576633
383.689075,175,383.952768
447.180561,205,384.223796
396.826815,184,384.452839
447.546448,206,384.702677
430.170347,199,384.946438
418.038197,194,385.185038
443.831965,204,385.432934
426.311946,193,385.670013
467.033205,215,385.931073
391.522755,180,386.155072
445.579357,205,386.406069
506.533727,234,387.83869
436.988586,199,388.085132
521.353104,240,388.373526
419.285396,195,388.613376
512.563911,237,388.896033
451.842264,205,389.145647
418.757064,193,389.38742
444.86305,203,389.63691
412.351436,188,389.873592
412.838362,191,391.226041
459.038996,213,391.500126
429.187288,197,391.742369
399.932853,184,391.97401
464.995367,216,392.239238
450.400294,205,392.491437
485.836215,225,392.762876
432.852442,201,393.007874
439.130624,203,393.255994
398.771221,186,393.486992
442.43277,206,394.904098
476.965569,220,395.20018
516.257236,238,395.483367
466.631571,214,395.742364
487.819994,223,396.013556
436.821738,200,396.259558
502.799543,233,396.538708
411.856713,188,396.771633
451.895007,207,397.023711
520.037673,236,397.3067
462.888211,211,398.73737
535.3952,242,399.023075
490.231413,227,399.298661
456.531383,209,399.570977
493.116401,230,399.845432
469.672024,220,400.112539
447.80467,207,400.363161
491.043686,226,400.638459
440.279785,202,400.886547
435.732416,200,402.280958
489.330422,225,402.566541
441.812221,203,402.813466
436.756619,200,403.058574
440.201419,204,403.307198
527.771765,241,403.593123
522.276199,239,403.878326
526.088777,242,404.168539
448.855443,207,404.420985
529.092033,240,405.874982
533.167539,242,406.195691
502.594563,231,406.472017
530.951032,242,406.759076
483.033319,220,407.027377
502.571602,228,407.304551
495.780806,233,407.585118
524.499302,240,407.874182
473.941152,218,408.136413
490.494807,226,409.571712
544.530712,242,409.881036
457.596927,208,410.136187
491.361215,226,410.409055
537.533056,242,410.696051
532.317702,242,410.986673
537.80137,242,411.273222
536.858934,242,411.562882
538.937902,242,411.848794
532.763109,242,413.300508
547.232147,242,413.599328
535.740169,242,413.887737
520.071957,242,414.175723
513.712203,235,414.463017
542.964896,242,414.749588
472.601446,217,415.009669
531.037632,242,415.296519
545.537447,242,415.585732
495.082484,228,417.033364
533.067909,242,417.319733
535.450205,242,417.608668
537.680109,242,417.894457
528.83931,242,418.181652
527.241827,242,418.470567
541.810627,242,418.757769
526.861463,242,419.042634
533.118952,242,420.515181
532.985458,242,420.817473
532.651276,242,421.103388
530.953207,242,421.38939
535.274668,242,421.674387
549.620815,242,421.963943
540.185822,242,422.251941
531.303404,242,422.541939
527.644586,242,422.828936
546.358141,242,424.361696
537.306085,242,424.65086
545.111798,242,424.937937
537.782475,242,425.224938
544.571415,242,425.512114
535.93191,242,425.800019
531.17895,242,426.090508
546.545024,242,426.378585
537.00561,242,427.862098
545.704734,242,428.154096
542.526237,242,428.444331
548.54308,242,428.733085
544.291869,242,429.021015
532.594859,242,429.313053
535.961257,242,429.624383
541.930823,242,429.921712
542.699909,242,431.376052
541.415897,242,431.684561
551.001311,242,431.977158
545.468395,242,432.271335
546.152062,242,432.565576
544.562849,242,432.858504
532.557884,242,433.154745
548.437646,242,433.447924
536.963875,242,433.741085
540.323542,242,435.197544
545.207693,242,435.498193
553.475366,242,435.788134
545.960507,242,436.097615
541.870262,242,436.399323
562.433375,242,436.706644
539.620196,242,437.000643
550.424917,242,437.295845
549.845919,242,438.779506
546.839741,242,439.099147
546.333917,242,439.389303
554.90168,242,439.683725
556.318211,242,439.981674
556.797778,242,440.272514
538.502363,242,440.564432
546.042346,242,440.854044
555.785306,242,441.145946
552.649705,242,442.630649
550.602093,242,442.919816
552.592042,242,443.27143
547.437355,242,443.556688
546.348885,242,443.846086
546.62924,242,444.130084
548.590588,242,444.428085
558.544071,242,444.716087
557.421568,242,446.138298
548.985517,242,446.442495
549.764688,242,446.730058
548.907645,242,447.018286
552.253663,242,447.306602
557.852346,242,447.594662
555.208655,242,447.883124
513.057279,238,448.166456
549.618525,242,448.455948
542.899733,242,449.944071
554.764093,242,450.246115
550.594395,242,450.533108
547.215463,242,450.819417
559.595079,242,451.110036
563.589966,242,451.396448
549.156493,242,451.681618
563.042524,242,451.970613
555.608119,242,453.403385
546.676105,242,453.704456
551.420411,242,453.99247
554.91737,242,454.279634
546.100428,242,454.568555
552.204785,242,454.855838
551.392306,242,455.14258
552.648559,242,455.430063
549.843922,242,455.7187
550.062751,242,457.16977
551.462885,242,457.457768
548.035948,242,457.74633
554.944405,242,458.034258
552.795964,242,458.323596
561.414137,242,458.610859
557.293011,242,458.898206
546.211753,242,459.184235
553.429933,242,460.642788
551.852522,242,460.951234
546.98714,242,461.240021
551.319053,242,461.527112
552.540619,242,461.813885
553.829372,242,462.099963
551.717564,242,462.4247
551.125941,242,462.711216
545.63757,242,463.000572
548.186026,242,464.466474
561.351134,242,464.754986
548.219143,242,465.046144
555.08774,242,465.333303
559.954717,242,465.619485
552.76703,242,465.907722
551.793646,242,466.208646
556.264352,242,466.497501
551.076767,242,467.948747
545.260696,242,468.239534
559.715767,242,468.52968
557.454932,242,468.832096
550.586966,242,469.117413
561.427467,242,469.40712
546.290491,242,469.694121
555.161801,242,469.981797
550.349279,242,470.268499
559.836804,242,471.741716
555.922326,242,472.029557
562.005872,242,472.316292
550.989785,242,472.605191
561.738239,242,472.894755
559.06208,242,473.182614
562.847687,242,473.470011
554.21096,242,473.75643
560.17452,242,475.19778
558.288656,242,475.497608
561.054564,242,475.7846
555.354375,242,476.071744
555.290467,242,476.359328
555.641632,242,476.648651
560.134364,242,476.936504
556.340224,242,477.224633
557.695784,242,477.513559
558.028439,242,478.941556
551.147363,242,479.226556
556.234272,242,479.519215
560.448558,242,479.806575
547.133885,242,480.095174
559.205022,242,480.382698
563.207631,242,480.671221
570.151925,242,480.958291
556.028649,242,482.394567
562.378523,242,482.692143
547.699694,242,482.977213
553.679683,242,483.26406
552.669528,242,483.547985
555.586557,242,483.83328
552.794392,242,484.122104
564.692105,242,484.407179
559.895956,242,485.806148
564.369319,242,486.107585
570.728202,242,486.397336
557.030374,242,486.685015
557.233303,242,486.972845
554.920453,242,487.260695
558.778558,242,487.546692
564.056503,242,487.834692
559.329902,242,488.123689
574.072867,242,489.542674
561.946709,242,489.833753
552.133491,242,490.123752
550.4399,242,490.410417
551.156401,242,490.699258
565.772228,242,490.985256
561.361394,242,491.271269
562.405528,242,491.555254
557.083229,242,492.97857
551.821834,242,493.297945
567.803988,242,493.584322
564.520637,242,493.87131
568.687225,242,494.160735
562.538487,242,494.447925
562.157351,242,494.734597
554.498313,242,495.023152
557.884211,242,495.309561
552.635149,242,496.711795
575.68874,242,497.000302
554.272288,242,497.291373
566.546808,242,497.578995
559.473926,242,497.864866
567.733849,242,498.15158
558.710188,242,498.439083
567.622786,242,498.740054
554.744464,242,500.206669
574.120553,242,500.514724
564.902669,242,500.80142
561.234429,242,501.08635
558.418366,242,501.376346
555.156365,242,501.663905
566.127055,242,501.965218
560.578084,242,502.259957
573.547543,242,502.549151
567.169106,242,503.988691
550.846369,242,504.278617
558.711886,242,504.56762
552.802413,242,504.856289
572.691717,242,505.144469
563.857029,242,505.43218
569.447776,242,505.719961
559.579445,242,506.007356
554.383414,242,507.431169
562.070317,242,507.73613
565.782662,242,508.025978
573.796846,242,508.315383
555.780545,242,508.603069
567.46144,242,508.892654
564.779627,242,509.179833
556.637817,242,509.471574
567.645318,242,509.76078
574.198331,242,511.188038
573.484138,242,511.475099
569.465114,242,511.763992
562.489468,242,512.052502
561.186066,242,512.339397
570.138054,242,512.635986
572.334338,242,512.923643
558.697112,242,513.209735
557.523218,242,514.62814
567.366297,242,514.928238
569.823771,242,515.215236
560.324024,242,515.503895
565.252466,242,515.791085
570.539403,242,516.110281
568.977679,242,516.444181
567.821863,242,516.748503
570.708914,242,517.050797
570.196072,242,518.522197
565.780725,242,518.810053
562.295289,242,519.095527
566.297976,242,519.386456
560.483905,242,519.694157
576.313734,242,519.984796
575.060386,242,520.273632
568.232597,242,520.567195
565.087231,242,522.118875
566.498726,242,522.472666
574.931934,242,522.824426
572.470263,242,523.184548
563.373751,242,523.560967
569.6101,242,523.967302
567.052121,242,524.261914
574.924998,242,524.569092
564.172217,242,524.861293
560.197419,242,526.295616
563.565545,242,526.588062
561.717395,242,526.881045
570.665023,242,527.167277
576.914981,242,527.458626
566.126244,242,527.74915
556.110708,242,528.038985
564.949229,242,528.329131
569.919426,242,529.767655
571.002576,242,530.063724
571.272819,242,530.351442
576.796758,242,530.637694
566.678357,242,530.925052
568.364038,242,531.214041
572.625414,242,531.504915
570.717544,242,531.790913
572.480231,242,533.221768
560.890758,242,533.540679
562.269135,242,533.825836
571.562988,242,534.113131
569.357214,242,534.406703
567.019862,242,534.697257
577.523022,242,534.985824
566.796016,242,535.271128
563.643474,242,535.5566
560.390169,242,536.994211
579.530945,242,537.28614
565.513837,242,537.573824
570.185043,242,537.860763
570.922034,242,538.147184
571.996393,242,538.435323
566.810864,242,538.724346
571.913969,242,539.011211
566.659368,242,540.413309
579.653529,242,540.735345
562.276402,242,541.021266
573.323501,242,541.319201
568.97808,242,541.60527
566.929684,242,541.894269
572.276837,242,542.180933
576.247079,242,542.47595
564.735666,242,542.835283
562.681579,242,544.299803
569.605765,242,544.592936
573.295562,242,544.87943
564.02101,242,545.168329
591.887663,242,545.464
564.595189,242,545.752579
563.468053,242,546.03848
568.786352,242,546.327223
579.317926,242,547.757003
562.871018,242,548.056436
576.118795,242,548.34144
570.021468,242,548.627016
576.205213,242,548.912026
568.484233,242,549.200274
576.738463,242,549.48927
565.128869,242,549.783717
574.031619,242,550.070372
576.07958,242,551.501879
576.100661,242,551.79077
571.685779,242,552.078937
573.2635,242,552.364123
568.160624,242,552.651922
559.875334,242,552.93983
574.791618,242,553.225764
574.562664,242,553.514348
566.6159,242,554.935225
562.113396,242,555.227117
574.317916,242,555.514041
576.486854,242,555.801251
567.733443,242,556.087428
567.466562,242,556.377011
568.58452,242,556.664573
577.704463,242,556.95351
580.244831,242,557.240396
571.559627,242,558.670449
577.154594,242,558.973766
575.844284,242,559.261011
587.326948,242,559.547271
569.239923,242,559.834115
569.882199,242,560.121173
572.821363,242,560.40417
576.473597,242,560.689889
579.252516,242,562.156335
576.830355,242,562.451397
585.464144,242,562.75614
559.657079,242,563.081298
593.310093,242,563.446051
576.070229,242,563.735163
578.620371,242,564.021566
563.791884,242,564.308677
589.858437,242,564.594431
574.450722,242,566.08511
567.679423,242,566.376554
580.976285,242,566.667899
587.462548,242,566.970092
581.362805,242,567.275441
587.955926,242,567.562619
584.361367,242,567.84769
569.721456,242,568.137618
574.884445,242,569.530629
582.875683,242,569.830661
585.709417,242,570.119659
570.297524,242,570.41697
589.8781,242,570.704061
584.815297,242,570.993412
577.349751,242,571.280654
578.457997,242,571.572774
579.343849,242,572.213322
575.571611,242,573.639086
583.173049,242,573.927087
594.697647,242,574.215306
587.477003,242,574.501546
597.74054,242,574.789133
590.820091,242,575.077129
584.959375,242,575.363249
580.272245,242,575.650679
577.865697,242,577.106393
587.257061,242,577.405482
580.23573,242,577.694601
581.791045,242,577.985277
580.482992,242,578.272347
595.008388,242,578.56152
581.665513,242,578.852848
580.838567,242,579.140428
587.034206,242,580.550246
571.772331,242,580.869197
570.956039,242,581.154412
589.625207,242,581.444921
578.964955,242,581.729805
578.067222,242,582.017934
586.268726,242,582.304361
591.442814,242,582.589899
569.033859,242,582.87982
592.126695,242,584.299897
589.159401,242,584.599753
579.259041,242,584.887818
581.140505,242,585.176744
587.398479,242,585.464142
559.958784,242,585.748018
586.750921,242,586.035229
591.883759,242,586.322219
594.121288,242,587.754153
572.948851,242,588.064198
601.84982,242,588.353336
568.340859,242,588.640156
595.318676,242,588.935838
584.801954,242,589.223934
594.126977,242,589.519031
582.908371,242,589.805277
577.229863,242,590.091489
602.551482,242,591.501181
578.732879,242,591.790246
580.166072,242,592.076796
593.892108,242,592.362968
581.201367,242,592.650458
596.116486,242,592.944471
587.33108,242,593.232686
586.664121,242,593.521606
568.337269,242,594.954587
594.02299,242,595.269776
597.247835,242,595.556089
577.719076,242,595.845878
583.802429,242,596.13223
574.627872,242,596.4199
585.58144,242,596.709268
590.795661,242,596.999937
587.965235,242,597.28858
585.981075,242,598.717777
585.446803,242,599.007166
590.904663,242,599.298162
583.773072,242,599.58696
586.783574,242,599.872436
585.365615,242,600.165148
589.508987,242,600.451828
574.576865,242,600.736829
592.375277,242,602.171809
582.889316,242,602.492133
580.734883,242,602.779131
593.087441,242,603.072441
592.825873,242,603.359513
588.399655,242,603.647588
604.549683,242,603.933899
597.334919,242,604.227479
589.90217,242,604.514414
598.912284,242,605.94312
576.88136,242,606.245265
593.135884,242,606.5496
586.590783,242,606.85128
586.267846,242,607.157337
578.523561,242,607.467075
589.997684,242,607.769389
574.869808,242,608.074131
582.697393,242,609.508917
588.938951,242,609.822807
593.907176,242,610.124132
582.732675,242,610.411353
599.840007,242,610.699888
590.085766,242,610.989139
585.807277,242,611.277505
592.976435,242,611.566624
594.117586,242,611.853995
590.602343,242,613.306411
578.339475,242,613.591332
580.912549,242,613.878526
596.723693,242,614.166452
591.272292,242,614.453164
599.731163,242,614.738232
611.511943,242,615.030313
594.833005,242,615.314578
591.432385,242,616.734956
587.86464,242,617.039098
581.445375,242,617.327694
599.036035,242,617.615126
572.748394,242,617.905798
594.913475,242,618.191015
587.82238,242,618.479093
597.742171,242,618.770445
595.940366,242,619.058618
600.002026,242,620.468699
593.604542,242,620.753934
599.519693,242,621.041524
593.984884,242,621.328453
599.316705,242,621.616523
587.491155,242,621.90345
599.454471,242,622.190981
597.53526,242,622.478415
591.059106,242,623.895595
604.66573,242,624.195601
589.321828,242,624.483339
604.255067,242,624.768408
604.954373,242,625.059832
588.598854,242,625.346828
604.706289,242,625.631756
595.157165,242,625.919752
585.828479,242,627.300212
590.723737,242,627.607023
599.855529,242,627.895607
595.080647,242,628.184605
589.218339,242,628.472498
600.78086,242,628.759499
597.821968,242,629.050051
597.139217,242,629.341119
593.129385,242,629.629364
610.942909,242,631.065775
575.178243,242,631.368032
590.006911,242,631.657898
608.143434,242,631.947978
591.641041,242,632.234052
600.118756,242,632.521654
590.273685,242,632.809075
597.189356,242,633.098525
596.140992,242,634.507373
612.013244,242,634.812026
600.867165,242,635.099254
577.920961,242,635.387123
589.906815,242,635.674394
592.530457,242,635.959425
597.736144,242,636.242923
589.559829,242,636.529891
594.559115,242,636.816084
584.644743,242,638.237938
597.806407,242,638.527014
607.297875,242,638.813052
620.084454,242,639.100924
606.255714,242,639.390924
592.069009,242,639.67609
613.686263,242,639.966413
615.418775,242,640.265036
596.971999,242,641.681258
603.88391,242,641.99854
612.401538,242,642.286055
582.134298,242,642.57376
614.975209,242,642.859749
599.706884,242,643.148279
589.988178,242,643.437559
582.300811,242,643.723598
609.666867,242,644.008954
607.778951,242,645.459047
602.037304,242,645.745988
598.614573,242,646.033687
604.546132,242,646.32162
604.00517,242,646.608353
593.214667,242,646.90038
612.816057,242,647.188801
611.584112,242,647.477727
620.809253,242,648.890187
592.219963,242,649.19645
600.672273,242,649.486547
605.830029,242,649.774545
602.295951,242,650.057544
608.55336,242,650.347473
598.352459,242,650.632543
602.151712,242,650.91847
604.343942,242,651.205567
595.961771,242,652.659956
589.407042,242,652.947027
621.051713,242,653.236789
609.356656,242,653.525141
600.533284,242,653.81196
606.675909,242,654.099176
603.799706,242,654.388412
609.494313,242,654.675774
617.691125,242,656.082568
598.308922,242,656.384968
598.078158,242,656.67124
614.182237,242,656.959652
609.577936,242,657.246647
611.861324,242,657.533812
601.139934,242,657.819144
596.533191,242,658.105555
596.837009,242,658.394551
610.351513,242,659.820006
587.51377,242,660.108935
598.625359,242,660.396153
617.532029,242,660.68417
600.908219,242,660.97206
598.684477,242,661.261053
606.840969,242,661.548051
615.7476,242,661.837946
595.799374,242,663.335869
603.648398,242,663.641223
624.964949,242,663.926749
636.88209,242,664.211748
616.95086,242,664.49723
610.072904,242,664.782589
594.431583,242,665.069051
609.061242,242,665.357346
616.096566,242,665.641849
610.313628,242,667.077133
619.282892,242,667.366705
605.94935,242,667.651776
611.310753,242,667.938629
602.041955,242,668.225556
606.747155,242,668.51048
595.830125,242,668.797205
608.761054,242,669.082288
616.556678,242,670.513444
605.609729,242,670.807653
620.761655,242,671.093297
587.417402,242,671.381258
610.045674,242,671.667256
601.373764,242,671.968252
608.964325,242,672.257703
607.133904,242,672.544467
612.199606,242,672.830384
614.248633,242,674.265957
620.398935,242,674.551884
627.9652,242,674.841128
601.297357,242,675.127155
613.262482,242,675.412157
606.467395,242,675.698112
622.074746,242,675.984111
602.197922,242,676.271218
614.855697,242,677.707964
624.064225,242,678.001736
614.033669,242,678.288757
612.366697,242,678.57416
614.125117,242,678.875412
619.097514,242,679.162107
612.927424,242,679.451348
622.783619,242,679.738184
615.073322,242,681.148558
631.956265,242,681.449651
621.587454,242,681.738559
599.565537,242,682.023562
605.472697,242,682.311559
635.662536,242,682.598267
605.119348,242,682.887435
604.465121,242,683.173434
593.297762,242,683.461705
635.154947,242,684.925405
616.178442,242,685.219056
600.955583,242,685.507061
607.76929,242,685.794068
622.241755,242,686.081059
615.092406,242,686.367784
619.687404,242,686.654157
625.697895,242,686.943228
620.343929,242,688.395938
614.522115,242,688.714255
632.282124,242,689.003855
605.738802,242,689.295779
623.334153,242,689.583746
611.041559,242,689.874444
616.703814,242,690.160744
602.310918,242,690.446743
622.792631,242,690.733671
590.669867,242,692.145898
611.56427,242,692.4319
605.885818,242,692.718894
614.209589,242,693.003893
627.330014,242,693.293483
620.15814,242,693.57748
632.340088,242,693.864568
622.971341,242,694.150201
611.438749,242,695.567264
614.768584,242,695.873462
615.504936,242,696.15939
622.972005,242,696.455268
618.311527,242,696.743022
595.287998,242,697.032479
629.026186,242,697.319787
604.116128,242,697.605866
608.569433,242,697.893846
611.614914,242,699.350982
610.111761,242,699.641688
611.327595,242,699.935464
604.912004,242,700.224387
629.052013,242,700.512985
612.027474,242,700.798306
610.587867,242,701.086303
610.292602,242,701.37237
604.852515,242,702.798867
612.2722,242,703.094857
612.347015,242,703.382855
605.27173,242,703.670519
606.234021,242,703.957131
614.429102,242,704.245897
625.375876,242,704.544561
618.130044,242,704.846192
615.392734,242,705.152709
623.81309,242,706.59363
624.845912,242,706.903942
625.846913,242,707.204791
603.972314,242,707.504353
611.364473,242,707.803908
636.058575,242,708.106049
611.671858,242,708.405228
610.041521,242,708.705246
608.792213,242,710.159345
628.386008,242,710.468636
632.608446,242,710.76958
618.597246,242,711.072847
628.208888,242,711.3744
628.523354,242,711.677144
613.631373,242,711.981554
603.1939,242,712.284638
616.614965,242,712.586061
627.36091,242,714.032096
622.104305,242,714.335197
612.73724,242,714.635078
627.981479,242,714.936004
614.372056,242,715.237234
629.683308,242,715.537699
612.474871,242,715.840615
625.524176,242,716.141579
456.025308,181,717.500003
621.069509,242,717.808324
618.394078,242,718.11112
614.870049,242,718.413731
642.171123,242,718.714962
609.51366,242,719.006959
623.618143,242,719.296707
616.379421,242,719.584038
623.206122,242,719.872294
630.791014,242,721.293116
629.255181,242,721.577114
603.515315,242,721.867115
612.278352,242,722.151111
607.341589,242,722.441652
630.191938,242,722.728892
622.44057,242,723.013893
622.659613,242,723.301856
620.96644,242,724.746966
626.985313,242,725.049829
611.964982,242,725.341465
631.994118,242,725.628766
626.049805,242,725.91585
607.132999,242,726.202623
631.305889,242,726.488961
627.711873,242,726.775175
633.987973,242,727.06537
622.75353,242,728.468831
613.605492,242,728.754835
617.582768,242,729.041589
621.264728,242,729.331659
620.751952,242,729.61866
621.794676,242,729.923168
611.148224,242,730.210879
614.280933,242,730.497477
598.309274,242,731.947847
617.01361,242,732.251816
631.489769,242,732.537075
635.539832,242,732.823281
613.586034,242,733.109244
623.811394,242,733.398607
630.428228,242,733.686116
629.623991,242,733.973916
628.254347,242,734.258845
628.882882,242,735.668054
620.697738,242,735.952128
640.582333,242,736.238467
629.62494,242,736.525618
624.727749,242,736.811654
623.65415,242,737.101802
625.594687,242,737.387424
633.086495,242,737.674837
621.824632,242,739.09238
629.113838,242,739.397378
626.523175,242,739.68397
614.967246,242,739.969977
620.587723,242,740.258044
615.856408,242,740.545041
619.064024,242,740.830291
640.753248,242,741.115934
616.462087,242,741.40433
655.922587,242,742.852996
631.988814,242,743.139026
626.445594,242,743.426843
634.947164,242,743.714023
646.417847,242,743.99978
630.290885,242,744.283778
642.163425,242,744.567316
609.911121,242,744.854322
611.53778,242,746.253987
633.758941,242,746.549377
631.968404,242,746.836946
638.126569,242,747.124713
635.543254,242,747.408711
616.243812,242,747.69171
633.827995,242,747.979906
636.448241,242,748.268747
628.607509,242,749.663196
633.825435,242,749.977994
623.873789,242,750.265322
628.912316,242,750.551986
624.063732,242,750.83922
628.960938,242,751.123402
620.101814,242,751.410587
621.412046,242,751.696586
617.103758,242,751.982978
623.279491,242,753.404592
632.188444,242,753.695104
635.101995,242,753.98141
626.442123,242,754.266415
634.455893,242,754.552882
627.586834,242,754.837871
643.149527,242,755.125353
618.177317,242,755.414862
623.313604,242,756.821024
633.216573,242,757.134376
626.362038,242,757.55986
635.078235,242,757.952516
625.401065,242,758.298546
643.718975,242,758.617993
629.576023,242,758.931283
630.451878,242,759.234097
631.459202,242,759.54279
607.653661,242,761.016819
640.719238,242,761.317109
625.834126,242,761.61528
613.127452,242,761.916521
620.110776,242,762.220289
617.684305,242,762.520815
640.949807,242,762.82174
634.928093,242,763.12016
638.429658,242,764.565301
631.879911,242,764.877129
631.409814,242,765.179549
635.766723,242,765.48576
631.699542,242,765.785898
620.020514,242,766.085187
649.068044,242,766.381807
645.095487,242,766.666852
620.311675,242,766.953091
613.808702,242,768.35219
648.900294,242,768.638994
636.613442,242,768.923919
609.34009,242,769.210273
633.038163,242,769.499341
619.804645,242,769.784969
635.22094,242,770.071523
642.138949,242,770.360271
630.708583,242,771.77589
628.432293,242,772.094368
640.733045,242,772.38429
639.673211,242,772.669289
650.039923,242,772.958941
636.069719,242,773.244702
625.886411,242,773.531627
616.992609,242,773.818721
629.358581,242,774.103768
632.156099,242,775.53019
653.255938,242,775.816194
661.404643,242,776.101192
639.086341,242,776.391326
622.267132,242,776.675494
638.575554,242,776.965352
636.613589,242,777.255804
618.187056,242,777.542009
653.373756,242,778.960406
643.844781,242,779.272278
639.066271,242,779.559267
637.415344,242,779.845747
655.789677,242,780.129354
638.747918,242,780.417487
622.724222,242,780.702521
621.989372,242,780.989019
618.738371,242,781.27488
633.398763,242,782.721383
624.069126,242,783.007311
627.249364,242,783.29331
638.863383,242,783.579462
634.907103,242,783.865389
629.472796,242,784.149389
636.097565,242,784.438746
632.377423,242,784.723971
634.918068,242,786.132945
650.610808,242,786.426724
622.06991,242,786.711652
641.192278,242,786.997194
608.144434,242,787.285564
635.249759,242,787.570396
641.675236,242,787.857623
633.330875,242,788.144331
630.065086,242,788.440202
623.786457,242,789.845549
632.198692,242,790.129546
651.883777,242,790.42181
638.7081,242,790.711153
637.244212,242,790.996639
632.449186,242,791.285749
604.394774,242,791.574819
621.724032,242,791.862492
642.008084,242,793.359325
640.7237,242,793.652395
617.79873,242,793.936392
628.75569,242,794.220392
634.375904,242,794.504904
643.841938,242,794.788832
638.489587,242,795.076831
632.992491,242,795.364546
622.971707,242,796.770534
641.585094,242,797.078205
652.699163,242,797.363997
634.306134,242,797.649936
655.36057,242,797.937934
632.803558,242,798.222933
633.4812,242,798.509394
635.585099,242,798.802474
650.520129,242,799.086433
619.390473,242,800.474991
646.667114,242,800.764988
630.300786,242,801.048352
642.838237,242,801.33308
644.20944,242,801.619272
637.000872,242,801.905524
639.065581,242,802.202668
643.185418,242,802.48891
618.825488,242,804.198808
649.42145,242,804.569986
639.404014,242,804.914201
645.05813,242,805.268993
638.415695,242,805.614911
639.620787,242,806.027852
640.03728,242,806.449682
635.784086,242,806.833017
651.301666,242,807.213428
635.332774,242,808.918145
629.486468,242,809.279065
642.634646,242,809.683815
638.081717,242,810.107562
640.774845,242,810.538558
623.926173,242,810.940672
619.252085,242,811.251497
635.804511,242,811.548303
623.496979,242,813.036316
640.488,242,813.348081
634.751286,242,813.63605
632.122589,242,813.924404
626.479482,242,814.2094
638.634773,242,814.493326
650.56133,242,814.782952
642.814148,242,815.069124
633.138207,242,815.366503
646.300943,242,816.818829
648.218326,242,817.112935
638.480116,242,817.412922
627.193569,242,817.713118
632.058311,242,818.00395
640.850142,242,818.311351
641.443574,242,818.639966
625.564836,242,819.019986
638.037029,242,820.685245
623.136996,242,821.168819
637.79564,242,821.654199
643.293613,242,822.080495
638.566853,242,822.449431
648.102299,242,823.007225
654.457066,242,823.575823
638.654136,242,824.023293
633.813862,242,824.452058
643.104356,242,826.493916
649.335799,242,826.86376
639.874587,242,827.209359
666.851095,242,827.571669
636.449817,242,827.958013
640.621102,242,828.362571
636.44495,242,828.757696
631.949013,242,829.149204
632.759207,242,830.776915
645.150861,242,831.068978
622.70805,242,831.361339
634.35721,242,831.648025
615.681527,242,831.938381
645.330944,242,832.225621
654.758023,242,832.519076
645.056837,242,832.823807
648.388671,242,833.116386
630.377644,242,834.517481
626.033631,242,834.809983
656.167487,242,835.098235
640.075622,242,835.389248
626.806426,242,835.678233
637.446117,242,835.9659
641.288341,242,836.25544
637.318091,242,836.54152
626.301051,242,837.926063
644.385824,242,838.226239
633.519301,242,838.513679
641.291999,242,838.801355
644.925258,242,839.089041
648.476153,242,839.379476
648.438158,242,839.670691
660.273907,242,839.957699
654.615166,242,840.242616
645.5595,242,841.713063
643.832621,242,842.001291
647.36293,242,842.298901
638.451328,242,842.585357
641.486584,242,842.87412
624.562828,242,843.166052
636.236415,242,843.453638
642.191761,242,843.748423
650.157513,242,845.205306
647.546318,242,845.5076
637.759707,242,845.793599
644.323258,242,846.080787
659.959432,242,846.369655
654.28042,242,846.791169
634.958033,242,847.163168
649.446897,242,847.515438
651.658248,242,847.869887
643.900694,242,849.471781
627.132321,242,849.841231
634.509994,242,850.215838
640.445004,242,850.587053
650.58307,242,850.960606
642.641694,242,851.336148
638.79234,242,851.698436
653.850568,242,852.080896
634.651198,242,853.687924
645.353993,242,854.065449
657.425183,242,854.432435
643.574759,242,854.809881
636.759767,242,855.209817
647.513271,242,855.518997
657.277294,242,855.862965
637.146305,242,856.156224
646.442132,242,857.584874
649.118934,242,857.97494
660.21823,242,858.302826
635.995645,242,858.693073
642.580631,242,859.088721
633.102942,242,859.382246
644.509352,242,859.668537
630.321586,242,859.984932
642.133151,242,860.27775
665.888791,242,861.700131
648.855423,242,861.989937
636.571969,242,862.277956
656.178746,242,862.564861
647.11733,242,862.851134
662.182709,242,863.137208
635.425914,242,863.425392
638.846571,242,863.713107
655.859198,242,865.08831
650.274464,242,865.391574
647.885694,242,865.676272
644.400921,242,865.960929
670.462401,242,866.250095
624.059342,242,866.535641
645.170321,242,866.825273
641.402977,242,867.155416
621.426919,242,867.445415
633.499882,242,868.870319
642.669856,242,869.156046
647.004836,242,869.443115
659.446939,242,869.735069
643.039549,242,870.019222
649.401544,242,870.305221
656.529289,242,870.595515
628.441365,242,870.882712
639.662326,242,872.295751
627.734754,242,872.59882
638.231217,242,872.885646
670.368225,242,873.173749
646.888695,242,873.460226
658.996045,242,873.745556
660.230659,242,874.032839
653.463238,242,874.318598
649.74577,242,874.605877
640.98526,242,876.038349
638.803981,242,876.326428
656.644835,242,876.613434
662.260415,242,876.900683
648.852714,242,877.185827
647.855837,242,877.477824
648.782803,242,877.762151
607.237376,242,878.048617
658.855999,242,879.441644
635.595294,242,879.743696
632.937996,242,880.029835
643.223856,242,880.316768
651.256253,242,880.610547
651.567894,242,880.892549
645.35458,242,881.181471
662.373861,242,881.469295
648.735299,242,881.755052
645.886935,242,883.198128
662.751521,242,883.481501
664.587528,242,883.7685
644.727255,242,884.053017
642.747996,242,884.339232
639.062077,242,884.624887
652.295099,242,884.910592
658.876043,242,885.199506
629.702784,242,886.649726
666.5662,242,886.945837
654.380506,242,887.229836
638.923677,242,887.525838
664.185905,242,887.853739
653.239202,242,888.14081
655.822425,242,888.427566
644.537614,242,888.71555
677.041462,242,889.019598
638.832281,242,890.414208
655.666498,242,890.69953
646.52176,242,890.984302
673.283603,242,891.270319
652.008608,242,891.555327
643.200285,242,891.840704
663.787144,242,892.126395
661.688629,242,892.415619
656.890442,242,893.828197
635.618833,242,894.128074
636.334114,242,894.414788
642.906116,242,894.699451
659.864046,242,894.98624
651.683537,242,895.27048
650.277438,242,895.555902
658.871784,242,895.840434
666.542469,242,896.125629
662.287569,242,897.541218
641.3429,242,897.829397
657.549643,242,898.115313
643.114113,242,898.402154
638.777348,242,898.688426
631.719792,242,898.973355
674.788982,242,899.259351
656.425778,242,899.545435
673.043724,242,900.975837
637.220807,242,901.275848
656.575362,242,901.563072
662.235515,242,901.851518
653.711741,242,902.136899
668.390851,242,902.463857
668.846165,242,902.875853
665.658685,242,903.475935
666.040836,242,905.376789
657.815948,242,905.775478
652.591648,242,906.183959
657.542614,242,906.585258
638.012773,242,907.001404
651.236652,242,907.394118
648.420277,242,907.721681
661.199139,242,908.010493
643.354545,242,908.29619
653.481274,242,909.687692
648.507809,242,909.984548
667.570551,242,910.269549
665.515469,242,910.559468
658.171412,242,910.84603
642.446312,242,911.132562
637.366433,242,911.418558
659.671067,242,911.704769
652.379867,242,913.131577
650.503901,242,913.449501
659.264775,242,913.737576
661.697176,242,914.024679
664.856199,242,914.310678
642.030515,242,914.602767
658.55325,242,914.892128
650.300789,242,915.178657
642.451483,242,915.471344
634.400408,242,916.955506
668.8693,242,917.242639
643.934729,242,917.534885
637.149413,242,917.828746
659.844118,242,918.114658
649.057094,242,918.40414
668.394787,242,918.69114
664.901928,242,918.994191
663.317794,242,920.399186
661.346573,242,920.700341
662.911611,242,920.986633
672.330851,242,921.282772
655.086551,242,921.570708
665.744801,242,921.856508
643.899622,242,922.142835
658.186385,242,922.430671
665.537301,242,922.72167
642.702797,242,924.158874
659.638372,242,924.446022
649.394793,242,924.730859
644.732256,242,925.017048
646.953548,242,925.304071
654.857137,242,925.595545
660.091888,242,925.880843
670.171422,242,926.169224
660.530978,242,927.589711
656.030163,242,927.889825
658.771426,242,928.181419
655.474404,242,928.469878
663.154767,242,928.755465
660.50532,242,929.041461
657.321012,242,929.331457
659.562474,242,929.618457
659.07017,242,929.904734
634.579371,242,931.344286
658.037323,242,931.633615
660.3992,242,931.923367
647.265301,242,932.211872
652.735062,242,932.502099
668.453253,242,932.78968
662.015351,242,933.077839
646.988225,242,933.36426
642.33784,242,934.755783
661.798917,242,935.06677
660.066601,242,935.352998
672.412114,242,935.640534
649.262134,242,935.927527
650.152677,242,936.210525
654.335836,242,936.496525
668.205955,242,936.779521
659.092701,242,937.067267
646.188561,242,938.470895
653.3252,242,938.759894
667.405913,242,939.045821
650.240812,242,939.335817
656.863551,242,939.621025
645.734902,242,939.911963
657.810993,242,940.198984
637.344997,242,940.49079
645.447187,242,941.911771
642.23313,242,942.201222
658.334284,242,942.487979
656.03274,242,942.775156
657.413813,242,943.060438
661.658077,242,943.345937
645.498383,242,943.630601
646.000847,242,943.918217
652.497594,242,944.202248
654.300512,242,945.627033
650.734142,242,945.914173
655.893075,242,946.199163
668.369205,242,946.485164
650.888391,242,946.769158
658.665537,242,947.055088
650.841525,242,947.343937
654.00582,242,947.63007
657.924998,242,949.04206
668.330724,242,949.337508
646.531376,242,949.623437
664.011748,242,949.909433
640.722868,242,950.19651
666.796977,242,950.488569
647.141586,242,950.775943
662.902916,242,951.061181
662.647539,242,952.482949
650.942661,242,952.808867
661.515743,242,953.095335
666.617389,242,953.398874
669.217297,242,953.68634
651.073002,242,953.973027
654.379063,242,954.260232
647.869181,242,954.546039
662.876214,242,954.831895
665.671259,242,956.225677
677.929013,242,956.518708
661.041105,242,956.805915
658.589318,242,957.08984
649.128395,242,957.381169
658.559533,242,957.670013
646.803657,242,957.958011
654.983331,242,958.246007
639.991327,242,959.649364
667.541451,242,959.956035
645.818614,242,960.242278
651.408299,242,960.53008
660.862287,242,960.817779
655.071972,242,961.102777
671.376946,242,961.390224
644.025336,242,961.673876
665.488497,242,961.96039
602.657881,242,963.380517
640.516365,242,963.673128
653.742313,242,963.960205
651.278705,242,964.245727
658.182704,242,964.531487
655.280465,242,964.817485
651.053215,242,965.106086
652.008148,242,965.393714
652.445366,242,966.806744
655.578281,242,967.112107
660.351922,242,967.39618
668.90247,242,967.697194
661.872147,242,967.984364
657.129241,242,968.271917
652.227497,242,968.558722
634.730238,242,968.844934
678.294348,242,969.128121
651.84453,242,970.524484
660.005212,242,970.812493
665.599144,242,971.097745
627.270995,242,971.383915
656.541902,242,971.669565
651.174196,242,971.95343
649.844581,242,972.236498
648.934913,242,972.522424
649.614864,242,973.961433
648.978786,242,974.263229
653.84309,242,974.549287
647.521167,242,974.835473
639.858529,242,975.123396
635.730295,242,975.408397
676.640021,242,975.694628
643.550647,242,975.983751
668.531939,242,976.270261
672.382866,242,977.688084
659.592701,242,977.975253
658.351243,242,978.261485
648.909397,242,978.54648
667.455878,242,978.834441
652.586815,242,979.121192
619.586143,242,979.40931
656.420104,242,979.695019
634.693831,242,981.111077
667.901378,242,981.413073
655.73781,242,981.699062
640.974968,242,981.988083
655.840457,242,982.274006
657.108171,242,982.560212
662.73843,242,982.851111
651.998928,242,983.137192
656.307136,242,983.423715
643.70007,242,984.847369
642.099611,242,985.132953
651.231334,242,985.420364
659.958286,242,985.707361
653.700672,242,985.993175
654.135832,242,986.27917
659.542207,242,986.565125
644.19087,242,986.851655
670.340594,242,988.285301
649.322789,242,988.586482
661.101218,242,988.87641
645.527837,242,989.164722
654.856413,242,989.448792
678.418718,242,989.733722
646.839341,242,990.020718
638.432562,242,990.308134
660.623316,242,990.596765
660.565988,242,992.025541
667.929619,242,992.312537
666.250287,242,992.598688
662.90069,242,992.888684
667.886073,242,993.174767
655.043535,242,993.46024
652.116561,242,993.747865
644.609009,242,994.035764
667.912712,242,995.425008
659.906466,242,995.71612
663.054321,242,996.00104
650.790049,242,996.290117
648.36006,242,996.577957
670.340624,242,996.862883
659.658987,242,997.150438
679.778336,242,997.438455
645.014138,242,998.828626
676.830941,242,999.13964
658.242613,242,999.426112
627.193493,242,999.709321
650.783053,242,999.997247
641.003971,242,1000.287482
650.175881,242,1000.580778
648.918823,242,1000.86589
658.47905,242,1001.149807
650.858025,242,1002.605451
644.180781,242,1002.898521
668.666268,242,1003.183027
658.355361,242,1003.468028
658.456112,242,1003.752951
632.868553,242,1004.038686
665.458635,242,1004.324066
651.58997,242,1004.608064
665.913785,242,1005.983122
667.964037,242,1006.288702
645.838113,242,1006.589819
653.747693,242,1006.879067
662.286663,242,1007.167929
653.701767,242,1007.453013
654.544949,242,1007.738676
651.595138,242,1008.023751
653.360319,242,1008.309907
662.623449,242,1009.721052
648.363885,242,1010.01318
669.899881,242,1010.304106
662.672728,242,1010.592183
637.630433,242,1010.876189
655.862345,242,1011.169425
653.06961,242,1011.458462
639.442603,242,1011.744384
659.764019,242,1013.17749
668.857335,242,1013.489739
648.019575,242,1013.775742
651.542871,242,1014.062808
662.80369,242,1014.347875
649.270218,242,1014.633155
658.33777,242,1014.919083
665.948074,242,1015.205173
658.420617,242,1015.493266
