time/total_timesteps,rollout/ep_rew_mean,time/fps,rollout/ep_len_mean,time/time_elapsed,time/iterations,train/n_updates,train/approx_kl,train/value_loss,train/clip_range,train/explained_variance,train/loss,train/entropy_loss,train/policy_gradient_loss,train/std,train/learning_rate,train/clip_fraction
2048,19.20528098,161,13.25,12,1,,,,,,,,,,,
4096,19.17480833,173,12.85,23,2,10,0.020267975,1.3784449300728738,0.2,-0.5677647590637207,0.2597962021827698,-5.659043323993683,-0.0369520307489438,0.9925880432128906,0.0003,0.139111328125
6144,20.824912570000002,178,14.41,34,3,20,0.017972276,0.43849702733568846,0.2,-0.022624731063842773,0.09023136645555496,-5.623320731520653,-0.044174023630330336,0.9816851615905762,0.0003,0.152734375
8192,21.737257570000008,186,14.11,43,4,30,0.016555233,0.40352406273595987,0.2,0.3933234214782715,0.07434350252151489,-5.580129261314869,-0.04243832447391469,0.971954345703125,0.0003,0.135791015625
10240,22.734310229999995,179,15.38,56,5,40,0.020199526,0.38751113559119404,0.2,0.41700291633605957,0.05063595622777939,-5.520077274739743,-0.0504132314294111,0.9529435038566589,0.0003,0.18671875
12288,27.263749779999998,190,21.3,64,6,50,0.019816367,0.4576105178333819,0.2,0.5583895444869995,0.09919461607933044,-5.467504450678826,-0.051251863417564894,0.9459343552589417,0.0003,0.195556640625
14336,28.06476051,194,21.85,73,7,60,0.021804374,0.4624254765920341,0.2,0.6035436391830444,0.14448711276054382,-5.427780337631702,-0.057154347089817745,0.9327511191368103,0.0003,0.20751953125
16384,28.40068424,200,21.71,81,8,70,0.022094104,0.34868758083321155,0.2,0.6575906276702881,0.005739577114582062,-5.363085226714611,-0.06105657403240912,0.9176827073097229,0.0003,0.225244140625
18432,31.7329779,206,26.0,89,9,80,0.025715237,0.3003545867279172,0.2,0.48850733041763306,-0.012186288833618164,-5.306995165348053,-0.06375308293354465,0.906745970249176,0.0003,0.246923828125
20480,34.805241560000006,214,28.37,95,10,90,0.022254676,0.26837810603901746,0.2,0.5967985391616821,0.003078050911426544,-5.253668738901615,-0.06495197471231222,0.8945592641830444,0.0003,0.246630859375
22528,39.04476614,222,34.01,101,11,100,0.02145409,0.23025040356442333,0.2,0.7479150295257568,-0.004747040569782257,-5.187854170799255,-0.06256589755648748,0.8794397711753845,0.0003,0.239892578125
24576,45.270640920000005,230,42.92,106,12,110,0.021997213,0.2714732853928581,0.2,0.7927980422973633,0.025938302278518677,-5.1274959534406666,-0.06195592634903733,0.8664006590843201,0.0003,0.22734375
26624,50.14285953999999,238,46.89,111,13,120,0.022988336,0.2824531307676807,0.2,0.8154520988464355,0.04623567312955856,-5.05818268507719,-0.06326143446058267,0.8489487767219543,0.0003,0.23115234375
28672,53.55320905000001,245,50.74,116,14,130,0.021236202,0.29824487487785517,0.2,0.8006058931350708,0.046664416790008545,-4.995974209904671,-0.06225693036685698,0.8395881652832031,0.0003,0.2296875
30720,59.930399140000006,252,53.96,121,15,140,0.02371658,0.294049868080765,0.2,0.8187865614891052,0.02108439803123474,-4.941347351670265,-0.06418064147001132,0.8275095224380493,0.0003,0.247998046875
32768,68.73501145,259,59.01,126,16,150,0.023264404,0.29852213519625365,0.2,0.7887283563613892,0.06626752018928528,-4.885798364877701,-0.06320593403070233,0.8146119117736816,0.0003,0.2404296875
34816,74.63219169,266,62.63,130,17,160,0.019970918,0.3777052572928369,0.2,0.7572544813156128,0.07076700776815414,-4.816475814580917,-0.06463645507465117,0.8014016151428223,0.0003,0.22568359375
36864,82.29152373,269,67.32,136,18,170,0.02546319,0.3107858405914158,0.2,0.8046755194664001,0.03040917217731476,-4.761145663261414,-0.07087826648930787,0.7907941937446594,0.0003,0.276708984375
38912,88.01928822999999,273,71.53,142,19,180,0.023896549,0.25353145133703947,0.2,0.8531466722488403,-0.01796925812959671,-4.706183542311192,-0.0663090319125331,0.7800387144088745,0.0003,0.246435546875
40960,94.45961163,278,75.83,146,20,190,0.023901086,0.27619451805949213,0.2,0.8702946901321411,0.010965146124362946,-4.648603510856629,-0.06646424996142741,0.7686583995819092,0.0003,0.24453125
43008,107.83699855,284,80.62,151,21,200,0.025269859,0.2444782440084964,0.2,0.8119224309921265,0.031241953372955322,-4.58818726837635,-0.06794605424656766,0.7567757964134216,0.0003,0.260498046875
45056,126.66960818,290,90.62,155,22,210,0.02673084,0.22761876694858074,0.2,0.8119350075721741,-0.0010307878255844116,-4.533630172908306,-0.07089297814527526,0.7467413544654846,0.0003,0.281396484375
47104,142.74490882,295,99.18,159,23,220,0.02461474,0.19483866735827177,0.2,0.7550582885742188,-0.03375508636236191,-4.473493736982346,-0.06793773527606391,0.7349221706390381,0.0003,0.264306640625
49152,159.76164065,300,108.97,163,24,230,0.027163796,0.19716068606358023,0.2,0.7542935609817505,-0.05036868900060654,-4.415962843596935,-0.07225243814609712,0.7267153263092041,0.0003,0.28525390625
51200,182.15689617,305,116.19,167,25,240,0.026765546,0.16567959582898767,0.2,0.7992219924926758,-0.04401170462369919,-4.355860882997513,-0.06958919261669508,0.7144500017166138,0.0003,0.27578125
53248,203.27965732,310,124.01,171,26,250,0.027819496,0.12522125934483483,0.2,0.6202421188354492,-0.04906735196709633,-4.297627069056034,-0.07275897817162331,0.7047370672225952,0.0003,0.31201171875
55296,223.24043971,315,132.53,175,27,260,0.02743163,0.06840810846188106,0.2,0.7282302975654602,-0.09045074135065079,-4.233464880287647,-0.07022954597487115,0.6922252774238586,0.0003,0.278076171875
57344,236.49247143999997,319,136.03,179,28,270,0.0273365,0.05707720455829986,0.2,0.7775829434394836,-0.07965020090341568,-4.17592903226614,-0.06961279995157384,0.6825835704803467,0.0003,0.2728515625
59392,249.27265945,323,138.6,183,29,280,0.025869787,0.03228812547167763,0.2,0.8381381630897522,-0.07518409192562103,-4.119033662974834,-0.06985331483592745,0.6744040250778198,0.0003,0.272705078125
61440,254.19033518,327,135.54,187,30,290,0.026068218,0.02680930767673999,0.2,0.8231878280639648,-0.0821160227060318,-4.080482479929924,-0.07009607622749173,0.6690486073493958,0.0003,0.27431640625
63488,262.92350251000005,331,136.39,191,31,300,0.026672045,0.017652048741001635,0.2,0.9096081256866455,-0.07482409477233887,-4.043526624143124,-0.06760407984256744,0.6612647771835327,0.0003,0.265087890625
65536,267.11336033,335,136.78,195,32,310,0.025956389,0.01868043869326357,0.2,0.8697807192802429,-0.11812597513198853,-4.001540920883417,-0.06764842380653135,0.6546809077262878,0.0003,0.265771484375
67584,268.495921,338,136.34,199,33,320,0.026077857,0.013625977018091363,0.2,0.9027604460716248,-0.10823545604944229,-3.9688432633876802,-0.07066121639218181,0.6507834792137146,0.0003,0.281787109375
69632,270.64367653,339,136.63,204,34,330,0.026548412,0.010733241977868601,0.2,0.9228910207748413,-0.10750559717416763,-3.9467136658728124,-0.06981870904564857,0.6473236680030823,0.0003,0.268359375
71680,270.93104635000003,341,135.96,210,35,340,0.026369017,0.009528727718861773,0.2,0.9244577884674072,-0.10539963841438293,-3.9220165960490703,-0.07146862815134228,0.642440915107727,0.0003,0.279541015625
73728,273.83693854999996,340,136.97,216,36,350,0.02933393,0.00766861811716808,0.2,0.9346712827682495,-0.09852420538663864,-3.8931991823017595,-0.07352733171719592,0.6374861001968384,0.0003,0.29794921875
75776,279.16453927,333,138.53,227,37,360,0.027615057,0.006913949770387262,0.2,0.9328711628913879,-0.12079726904630661,-3.8606610275804996,-0.07259525236149784,0.6323866248130798,0.0003,0.29765625
77824,278.94915417,330,137.85,235,38,370,0.02663007,0.005959202160738641,0.2,0.9411302804946899,-0.10533171147108078,-3.8359876170754434,-0.06977446928649442,0.6297317743301392,0.0003,0.27578125
79872,280.62708373000004,328,138.35,243,39,380,0.029263007,0.0049303191677609,0.2,0.9475191831588745,-0.08602812886238098,-3.800718131661415,-0.07343602586261114,0.6222238540649414,0.0003,0.294287109375
81920,281.08229546,329,138.39,248,40,390,0.029299743,0.004282023187261075,0.2,0.9502259492874146,-0.09763290733098984,-3.761357039958239,-0.0726276748930104,0.6172341108322144,0.0003,0.2880859375
83968,283.21312659,331,138.81,253,41,400,0.030883642,0.0035200931895815303,0.2,0.9556413292884827,-0.11716652661561966,-3.7370818354189397,-0.07348650926433038,0.6142505407333374,0.0003,0.29619140625
86016,283.27271073,329,138.29,261,42,410,0.034098268,0.0036499242327408866,0.2,0.9552645087242126,-0.1336800754070282,-3.711414147913456,-0.07606213609979022,0.6086597442626953,0.0003,0.32587890625
88064,282.49737031999996,330,137.45,266,43,420,0.02923867,0.0033553722885699246,0.2,0.9612105488777161,-0.12173454463481903,-3.656998723000288,-0.07292927466041874,0.5998212099075317,0.0003,0.295361328125
90112,283.48817828000006,333,137.44,270,44,430,0.031584427,0.0024798405745968923,0.2,0.9694237112998962,-0.12364233285188675,-3.5943458564579487,-0.0771695853502024,0.5892999172210693,0.0003,0.3197265625
92160,285.48910596,336,137.88,273,45,440,0.03372529,0.0024771365209744546,0.2,0.9696589708328247,-0.11693425476551056,-3.5346603848040106,-0.0757099563779775,0.5818251371383667,0.0003,0.3197265625
94208,284.27850737999995,338,136.64,277,46,450,0.031590853,0.0020560960794682613,0.2,0.9757184982299805,-0.10675404965877533,-3.497552875429392,-0.07494270618772134,0.5778518915176392,0.0003,0.322119140625
96256,287.31622473999994,341,137.73,281,47,460,0.03219022,0.0019310759411382606,0.2,0.9768112301826477,-0.12589605152606964,-3.4661008320748805,-0.07582462842401583,0.5728142261505127,0.0003,0.315380859375
98304,288.38220987,343,137.79,285,48,470,0.035396375,0.001886490542528918,0.2,0.9795570969581604,-0.11871940642595291,-3.438767409324646,-0.07712097964249551,0.5694552063941956,0.0003,0.326220703125
100352,292.20001239,346,139.05,289,49,480,0.032863192,0.0016819304639284383,0.2,0.9824272990226746,-0.13251422345638275,-3.4109760522842407,-0.07593746488273609,0.566426694393158,0.0003,0.30029296875
102400,295.92071764,348,140.55,293,50,490,0.033486538,0.0014377366405824432,0.2,0.9866290092468262,-0.11776618659496307,-3.3880570344626904,-0.07777432436123491,0.5613788366317749,0.0003,0.330224609375
104448,297.54897326,351,141.07,297,51,500,0.0363427,0.0014030781634573942,0.2,0.9864495992660522,-0.12360899150371552,-3.3363353081047533,-0.08301272571115988,0.5526465177536011,0.0003,0.3548828125
106496,299.14758660000007,353,141.53,301,52,510,0.037386477,0.0012335137456830126,0.2,0.9878602623939514,-0.10904214531183243,-3.300127214193344,-0.07834035180858337,0.5501989126205444,0.0003,0.33759765625
108544,302.169034,354,142.59,305,53,520,0.03738322,0.0012803157811504206,0.2,0.9888615012168884,-0.10591647028923035,-3.2635441944003105,-0.07748968136147596,0.5438254475593567,0.0003,0.3322265625
110592,303.19643826,356,142.72,309,54,530,0.036875192,0.0012441831422620453,0.2,0.9897992610931396,-0.11202415078878403,-3.2304099440574645,-0.08017391003959347,0.5403176546096802,0.0003,0.34326171875
112640,305.50578670999994,359,143.57,313,55,540,0.039991844,0.0011019551055142073,0.2,0.9906399250030518,-0.11106536537408829,-3.2015625171363356,-0.08312022192112636,0.5362340807914734,0.0003,0.356298828125
114688,307.23714708999995,359,144.15,319,56,550,0.04243159,0.0011940851665713126,0.2,0.9899303317070007,-0.11911950260400772,-3.1612752877175807,-0.08303479594032978,0.5307079553604126,0.0003,0.371044921875
116736,309.73690594,361,145.16,323,57,560,0.047227986,0.0009198259920594864,0.2,0.9925903677940369,-0.12804299592971802,-3.113245798647404,-0.08559697839373256,0.52310711145401,0.0003,0.386474609375
118784,313.37809268999996,363,146.59,326,58,570,0.042226527,0.0009310571453170269,0.2,0.9924885630607605,-0.11753416806459427,-3.0791849166154863,-0.08239320182183292,0.5208988785743713,0.0003,0.36162109375
120832,316.6197903,365,148.01,330,59,580,0.042665347,0.0008541155312741467,0.2,0.9933740496635437,-0.11567752808332443,-3.054175489395857,-0.08225521116983145,0.5167270302772522,0.0003,0.36806640625
122880,319.67237772,367,149.47,334,60,590,0.04465384,0.0008803152238215262,0.2,0.9931036233901978,-0.11719917505979538,-3.0138171568512915,-0.08294447499793023,0.5107926726341248,0.0003,0.368310546875
124928,324.35924235999994,369,151.5,338,61,600,0.043644726,0.0006956449909921502,0.2,0.9957035779953003,-0.11482212692499161,-2.9646183274686337,-0.08199430780950934,0.5036906003952026,0.0003,0.379296875
126976,329.22149759,370,153.72,342,62,610,0.04468543,0.0007961423187225591,0.2,0.9952999353408813,-0.13082920014858246,-2.93875350728631,-0.08237260220339522,0.5038225054740906,0.0003,0.37578125
129024,333.4720834700001,372,155.59,346,63,620,0.046270054,0.000792772655859153,0.2,0.994816780090332,-0.13296286761760712,-2.924605223536491,-0.08511122975323815,0.49998030066490173,0.0003,0.373193359375
131072,338.77040736000004,374,158.05,349,64,630,0.038958497,0.000698517732325854,0.2,0.9954674243927002,-0.1166125237941742,-2.88501538336277,-0.07884709792269859,0.4948134422302246,0.0003,0.3447265625
133120,341.3035598699999,376,159.05,353,65,640,0.046323948,0.000692150912436773,0.2,0.9958394765853882,-0.12357107549905777,-2.8365889243781566,-0.08502148233819753,0.4888319671154022,0.0003,0.38310546875
135168,345.0010781499999,378,160.65,357,66,650,0.050977886,0.0006310942819254706,0.2,0.9964500665664673,-0.13500429689884186,-2.7976185232400894,-0.08229234807076864,0.48413896560668945,0.0003,0.3908203125
137216,350.58573355999994,379,163.12,361,67,660,0.045436785,0.0005381080435654439,0.2,0.9966739416122437,-0.13784819841384888,-2.7837458200752736,-0.08600347022584173,0.4839620590209961,0.0003,0.388525390625
139264,355.61094614999996,381,165.25,365,68,670,0.04866326,0.0006242664508135931,0.2,0.9968032836914062,-0.12536443769931793,-2.7491934694349767,-0.08409734286251477,0.47828102111816406,0.0003,0.39091796875
141312,363.3843617499999,382,168.59,369,69,680,0.052468024,0.0005417873428086751,0.2,0.9970316290855408,-0.11879970133304596,-2.695792578905821,-0.08960309784743004,0.47178053855895996,0.0003,0.428369140625
143360,368.82570689,384,171.13,372,70,690,0.052804224,0.0006509507440568996,0.2,0.9961459636688232,-0.13605868816375732,-2.6580569788813593,-0.08826099809375591,0.468558669090271,0.0003,0.4255859375
145408,376.1291123599999,386,174.4,376,71,700,0.055521525,0.0006093057386351575,0.2,0.9965755939483643,-0.1276603490114212,-2.623631674796343,-0.08919706809829223,0.46337389945983887,0.0003,0.424560546875
147456,382.12834343000003,387,176.98,380,72,710,0.053521615,0.0006695554317957431,0.2,0.9961791038513184,-0.10986542701721191,-2.5809178188443185,-0.08698066522774753,0.4587516188621521,0.0003,0.419189453125
149504,390.6658771,389,180.67,383,73,720,0.058345534,0.0004934110120757395,0.2,0.9972754716873169,-0.15022768080234528,-2.5241935014724732,-0.08828402696526609,0.45128726959228516,0.0003,0.434765625
151552,400.3673667599999,390,184.98,387,74,730,0.05774875,0.0004753552940201189,0.2,0.9974074959754944,-0.1355425864458084,-2.4609310813248158,-0.08453026471543126,0.4443502128124237,0.0003,0.413037109375
153600,408.7541117600001,392,188.83,391,75,740,0.059420675,0.0005489883556947462,0.2,0.9972078800201416,-0.11353621631860733,-2.4133928798139097,-0.08719021037977655,0.44000664353370667,0.0003,0.42705078125
155648,417.39133904999994,394,192.65,394,76,750,0.057666995,0.0005375904182074009,0.2,0.9974789023399353,-0.12877881526947021,-2.378090349584818,-0.08685082556039561,0.4366767108440399,0.0003,0.427587890625
157696,427.26920509999997,395,197.12,398,77,760,0.06331972,0.0005361935171094955,0.2,0.997433602809906,-0.11414872109889984,-2.3323764733970167,-0.09064472202735488,0.43119490146636963,0.0003,0.442333984375
159744,436.24663248999997,397,201.13,402,78,770,0.060922775,0.000551488070141204,0.2,0.9969055652618408,-0.13654838502407074,-2.307966685295105,-0.08610657732060645,0.4296114444732666,0.0003,0.433251953125
161792,444.87041108,398,204.94,405,79,780,0.05920916,0.0005651429391946294,0.2,0.997334361076355,-0.15103711187839508,-2.2835924319922922,-0.08694198127632262,0.4256244897842407,0.0003,0.439404296875
163840,455.5362674,400,209.37,409,80,790,0.0662765,0.0006067534702197009,0.2,0.9970889091491699,-0.14009033143520355,-2.25060503333807,-0.08923603625153191,0.4237764775753021,0.0003,0.44921875
165888,465.65685529999996,401,213.55,413,81,800,0.06101348,0.0006456719512243581,0.2,0.9963005781173706,-0.1358674019575119,-2.2158685751259326,-0.09087489578814711,0.41930416226387024,0.0003,0.45556640625
167936,475.77316888,402,217.86,416,82,810,0.06893639,0.0007578513955195376,0.2,0.9956611394882202,-0.12123505771160126,-2.173642348498106,-0.09020900322502712,0.41355276107788086,0.0003,0.44931640625
169984,486.58186204000003,404,222.47,420,83,820,0.06716017,0.0005615042817225912,0.2,0.9970607757568359,-0.13844536244869232,-2.1282902747392654,-0.0899250452304841,0.4101293683052063,0.0003,0.456005859375
172032,495.61690324000006,405,226.08,424,84,830,0.07410419,0.0005602100782198249,0.2,0.9967553019523621,-0.13617590069770813,-2.0741310492157936,-0.09349804695812054,0.4036062955856323,0.0003,0.474560546875
174080,501.77345384000006,406,228.36,427,85,840,0.0741665,0.0005112812870720518,0.2,0.9963160753250122,-0.12937070429325104,-2.0069824285805224,-0.09276678954483941,0.3966081440448761,0.0003,0.467822265625
176128,511.0716135100001,408,231.92,431,86,850,0.071515575,0.0005750361440732376,0.2,0.9964577555656433,-0.09373176097869873,-1.951955422759056,-0.08787943376155453,0.3927077651023865,0.0003,0.46630859375
178176,518.25615782,409,234.37,435,87,860,0.074752115,0.0005536220553040039,0.2,0.9955388903617859,-0.1335482895374298,-1.9084166381508112,-0.08990908137930091,0.38718777894973755,0.0003,0.46396484375
180224,525.08526162,410,236.62,438,88,870,0.07435925,0.0005250062794402765,0.2,0.9950397610664368,-0.12024808675050735,-1.8542072840034962,-0.08953724060265814,0.3830898702144623,0.0003,0.4728515625
182272,532.0312851599999,411,238.85,442,89,880,0.07707656,0.0005434603642697766,0.2,0.9953638315200806,-0.1153559461236,-1.8061488077044487,-0.09039846686355305,0.37738510966300964,0.0003,0.47890625
184320,536.69394045,413,240.13,446,90,890,0.0793512,0.0006168388124933699,0.2,0.9926172494888306,-0.12601467967033386,-1.7314736213535071,-0.08750828736519907,0.37001246213912964,0.0003,0.47255859375
186368,540.5444905899999,414,241.0,449,91,900,0.0782501,0.0005651278697769158,0.2,0.9945769309997559,-0.12579844892024994,-1.6740494713187217,-0.09079200641426724,0.3653090000152588,0.0003,0.48759765625
188416,543.02858702,415,241.5,453,92,910,0.08101078,0.0005419715074822306,0.2,0.9923155903816223,-0.13289786875247955,-1.610552142933011,-0.09030649900087155,0.3587493598461151,0.0003,0.49375
190464,545.68331322,416,241.96,456,93,920,0.084145956,0.0003894224867508456,0.2,0.9923914670944214,-0.11576627194881439,-1.5504011899232863,-0.08786796873027924,0.3542982041835785,0.0003,0.486767578125
192512,547.29715176,417,241.96,460,94,930,0.08564633,0.00035173159139958445,0.2,0.9934109449386597,-0.11827494204044342,-1.4896225444972515,-0.08901202455017483,0.3485678732395172,0.0003,0.486962890625
194560,548.6934704500001,419,241.96,464,95,940,0.08828908,0.0002632903194808023,0.2,0.991753339767456,-0.12720894813537598,-1.4257050585001707,-0.0909522458066931,0.3435448706150055,0.0003,0.494970703125
196608,549.8553321,420,241.96,467,96,950,0.09384568,0.0002718587574236153,0.2,0.9930390119552612,-0.12277308851480484,-1.3819887787103653,-0.08788706175400876,0.3406306207180023,0.0003,0.492138671875
198656,551.22183032,421,241.96,471,97,960,0.098773785,0.0003142450404084229,0.2,0.9916367530822754,-0.12439309805631638,-1.34445672146976,-0.088854130373511,0.3368360102176666,0.0003,0.50185546875
200704,552.5148236099999,422,241.96,475,98,970,0.104295686,0.00023086812111614564,0.2,0.9924452304840088,-0.12127985060214996,-1.279287140071392,-0.08598258425772656,0.3306230902671814,0.0003,0.507568359375
202752,553.2656917300001,423,241.96,478,99,980,0.09335128,0.00020997924168568715,0.2,0.9925404191017151,-0.13148950040340424,-1.2206964299082756,-0.08906944465998094,0.3264119029045105,0.0003,0.501171875
204800,553.64766998,424,241.96,482,100,990,0.09476183,0.00027545463972273866,0.2,0.9897369146347046,-0.13267043232917786,-1.1698053017258645,-0.0878822647529887,0.32261520624160767,0.0003,0.517578125
206848,554.53958209,425,241.96,485,101,1000,0.091832735,0.0002299491662370201,0.2,0.9883819818496704,-0.1389969438314438,-1.1226241067051888,-0.08456586035899818,0.3179187774658203,0.0003,0.51171875
208896,555.6368419300001,426,242.0,489,102,1010,0.112732254,0.0002001991938413994,0.2,0.9916433691978455,-0.12903885543346405,-1.057141862809658,-0.09426513137295842,0.3130680024623871,0.0003,0.542333984375
210944,556.20437231,427,242.0,492,103,1020,0.10066873,0.00023182181066658814,0.2,0.9885001182556152,-0.1321788728237152,-0.9971182450652123,-0.08454053052701056,0.3079531192779541,0.0003,0.518017578125
212992,557.1453043299999,428,242.0,496,104,1030,0.11621757,0.0002586547185501331,0.2,0.9853429198265076,-0.11997394263744354,-0.9244242455810309,-0.08713680651562754,0.3021801710128784,0.0003,0.532568359375
215040,558.05919403,429,242.0,500,105,1040,0.10891606,0.0002251824455015594,0.2,0.9901212453842163,-0.12218420207500458,-0.8580055009573698,-0.08499360518471803,0.29724717140197754,0.0003,0.524365234375
217088,558.99681859,430,242.0,503,106,1050,0.10719545,0.00022598457790081738,0.2,0.9901738166809082,-0.1185794472694397,-0.8024759408086538,-0.08254490609979256,0.2948453426361084,0.0003,0.51416015625
219136,559.8624462,431,242.0,507,107,1060,0.11104995,0.00020251268101674215,0.2,0.987799882888794,-0.11509129405021667,-0.7600574295967817,-0.08346683554264019,0.2908637225627899,0.0003,0.520556640625
221184,560.8741373400001,432,242.0,510,108,1070,0.11262624,0.00019506226619796506,0.2,0.9900917410850525,-0.14363054931163788,-0.7046114470809698,-0.08193145345139782,0.28746598958969116,0.0003,0.529833984375
223232,561.60511244,433,242.0,514,109,1080,0.11522028,0.00019650545793865605,0.2,0.9878764748573303,-0.10281158238649368,-0.6696041774004697,-0.08369824682740727,0.28504300117492676,0.0003,0.53876953125
225280,562.45632079,434,242.0,518,110,1090,0.12169952,0.0001264315372281999,0.2,0.9920018315315247,-0.11880731582641602,-0.619124555028975,-0.08091446051839739,0.2813276946544647,0.0003,0.543359375
227328,563.3781759199999,435,242.0,522,111,1100,0.12757868,0.00015825669902369555,0.2,0.9896228313446045,-0.12619096040725708,-0.5813951969146729,-0.08233786395285278,0.2791813015937805,0.0003,0.53935546875
229376,564.06676902,436,242.0,526,112,1110,0.124378376,0.00013649136753883794,0.2,0.991940975189209,-0.10701532661914825,-0.5320561148226262,-0.08209141876141075,0.27489984035491943,0.0003,0.546240234375
231424,564.7790367199999,436,242.0,529,113,1120,0.12043187,0.00016413499974987644,0.2,0.9902558326721191,-0.11358201503753662,-0.46020408216863873,-0.08205278194072889,0.2698209285736084,0.0003,0.548388671875
233472,565.75325658,437,242.0,533,114,1130,0.12576886,0.00012468360146158374,0.2,0.9923672080039978,-0.1304778903722763,-0.4080019610002637,-0.08282926779938862,0.2668896019458771,0.0003,0.5568359375
235520,566.4186355100001,438,242.0,536,115,1140,0.12758908,0.00014052730435878402,0.2,0.9902574419975281,-0.11184290796518326,-0.33183501213788985,-0.07966886024805717,0.2606741189956665,0.0003,0.55244140625
237568,566.94030095,439,242.0,540,116,1150,0.13395166,0.00013895757740556292,0.2,0.9898346662521362,-0.12449575215578079,-0.2604480944573879,-0.08344765967776765,0.25700506567955017,0.0003,0.561083984375
239616,567.45237651,440,242.0,544,117,1160,0.14078209,0.00014214160567007638,0.2,0.9912605285644531,-0.11044219136238098,-0.21758465282619,-0.08063801761745708,0.25486862659454346,0.0003,0.570849609375
241664,568.49764889,441,242.0,547,118,1170,0.16399866,0.0001324040375607183,0.2,0.9896607398986816,-0.11953502893447876,-0.15864261500537397,-0.08514741997350939,0.25043120980262756,0.0003,0.593701171875
243712,568.98202063,442,242.0,551,119,1180,0.14418021,0.0001950406517380543,0.2,0.9854009747505188,-0.12461863458156586,-0.11191645637154579,-0.07943449162557954,0.24911990761756897,0.0003,0.5720703125
245760,569.4678614300001,442,242.0,554,120,1190,0.15119952,0.00014108771708833955,0.2,0.9887385368347168,-0.12455438077449799,-0.05925753004848957,-0.08423314775864128,0.24360284209251404,0.0003,0.57333984375
247808,570.03444486,443,242.0,558,121,1200,0.13701569,0.00018964062739996735,0.2,0.9850555658340454,-0.11922549456357956,0.023417238146066666,-0.07972268039666233,0.2391553521156311,0.0003,0.5697265625
249856,571.0024902499999,444,242.0,562,122,1210,0.1607571,0.00020221219906488841,0.2,0.9847625494003296,-0.1257312148809433,0.09259304068982602,-0.08394143077312037,0.23531490564346313,0.0003,0.59072265625
251904,571.8748675399999,445,242.0,565,123,1220,0.1697889,0.00024666546348726113,0.2,0.981333315372467,-0.09864643961191177,0.15652937740087508,-0.07694927316188113,0.23120832443237305,0.0003,0.587255859375
253952,573.1012768999999,445,242.0,569,124,1230,0.15803036,0.00016302393289606697,0.2,0.9859616756439209,-0.11761456727981567,0.21915356144309045,-0.08615520958555863,0.2283882200717926,0.0003,0.588134765625
256000,574.45013332,446,242.0,573,125,1240,0.15366043,0.00020462473992211017,0.2,0.9837344884872437,-0.1307675689458847,0.26404184214770793,-0.0835659620410297,0.22574380040168762,0.0003,0.592919921875
258048,575.71596445,447,242.0,576,126,1250,0.18402243,0.0002862860856112093,0.2,0.9818608164787292,-0.12342110276222229,0.32373838424682616,-0.09041028043138795,0.22172099351882935,0.0003,0.613623046875
260096,576.5157582200001,447,242.0,580,127,1260,0.17560948,0.00021961543184261244,0.2,0.982681155204773,-0.12377024441957474,0.3890310853719711,-0.08366785858233924,0.21865203976631165,0.0003,0.5904296875
262144,577.71804579,448,242.0,584,128,1270,0.17876199,0.00018923310540230887,0.2,0.9855648875236511,-0.11348278075456619,0.44346414860337974,-0.08172647362807765,0.21586792171001434,0.0003,0.59794921875
264192,579.0560270000001,449,242.0,587,129,1280,0.16082604,0.0002366661847645446,0.2,0.9835848212242126,-0.12209539115428925,0.49755921941250564,-0.08020488586189459,0.21285474300384521,0.0003,0.583251953125
266240,580.2945005500001,450,242.0,591,130,1290,0.19314514,0.0002546111490119074,0.2,0.981061577796936,-0.11470501869916916,0.5579047424718737,-0.08362779949966352,0.20987334847450256,0.0003,0.59267578125
268288,581.6238038600001,450,242.0,594,131,1300,0.18963273,0.00023036666570988018,0.2,0.9811733365058899,-0.12207115441560745,0.6125730730593204,-0.08913281999411993,0.20607388019561768,0.0003,0.612890625
270336,582.6062282400001,451,242.0,598,132,1310,0.20948768,0.00020793983308067254,0.2,0.9856869578361511,-0.13148334622383118,0.6727459002286196,-0.08565375362231861,0.20442980527877808,0.0003,0.6203125
272384,583.9789626200001,452,242.0,602,133,1320,0.18703365,0.00017920836271514417,0.2,0.9857056140899658,-0.1073293536901474,0.7185566632077098,-0.08387193231319542,0.20144614577293396,0.0003,0.6123046875
274432,584.6185251300001,452,242.0,605,134,1330,0.20837814,0.0002684335218873457,0.2,0.9810289144515991,-0.1212458685040474,0.7754639623686671,-0.08494655555405188,0.19953075051307678,0.0003,0.626220703125
276480,585.5567584099999,453,242.0,609,135,1340,0.19890654,0.00024604400855423594,0.2,0.980307936668396,-0.10914011299610138,0.8211580207571387,-0.0784223543421831,0.1960243284702301,0.0003,0.609814453125
278528,586.58178758,454,242.0,613,136,1350,0.19828829,0.0002300599373938894,0.2,0.9812576174736023,-0.09929922968149185,0.900473077967763,-0.08448601583368145,0.19281499087810516,0.0003,0.620068359375
280576,586.8286127099999,454,242.0,616,137,1360,0.23438662,0.00028691117020116506,0.2,0.9800853729248047,-0.09603013098239899,0.9520308166742325,-0.08060465557209681,0.19044366478919983,0.0003,0.628759765625
282624,587.9494123499999,455,242.0,620,138,1370,0.22319812,0.0002309325211626856,0.2,0.9826510548591614,-0.11819950491189957,1.0083414906635881,-0.08121579300786834,0.18737369775772095,0.0003,0.634033203125
284672,589.2117413,456,242.0,623,139,1380,0.22426125,0.00017543573690090853,0.2,0.9872459173202515,-0.12289123982191086,1.069319985806942,-0.08479009795119055,0.18485938012599945,0.0003,0.63662109375
286720,590.28131262,457,242.0,627,140,1390,0.20970556,0.00016388596443448478,0.2,0.988732099533081,-0.12337495386600494,1.1329441908746958,-0.08217341620184015,0.18129947781562805,0.0003,0.624951171875
288768,590.84497595,457,242.0,630,141,1400,0.24165955,0.00026472710833331804,0.2,0.979661226272583,-0.11264998465776443,1.1938502460718154,-0.08097648485709215,0.17925168573856354,0.0003,0.63974609375
290816,591.69267945,458,242.0,634,142,1410,0.24354196,0.0002898167606417701,0.2,0.9772912263870239,-0.13358092308044434,1.2493950381875039,-0.0809248585414025,0.17614316940307617,0.0003,0.637646484375
292864,593.22810562,458,242.0,638,143,1420,0.22510779,0.00028043212810189286,0.2,0.9564937949180603,-0.13524997234344482,1.3214036192744971,-0.07670912838948425,0.17344112694263458,0.0003,0.646484375
294912,594.43216084,459,242.0,641,144,1430,0.25129205,0.0002847239627953968,0.2,0.9711057543754578,-0.11237984895706177,1.3840210258960723,-0.08193772603117395,0.17062045633792877,0.0003,0.6400390625
296960,595.32066142,460,242.0,645,145,1440,0.2515936,0.0003226980547879066,0.2,0.9772774577140808,-0.11827228963375092,1.4514718022197486,-0.08189797251834534,0.16783921420574188,0.0003,0.648779296875
299008,597.0939181399999,460,242.0,648,146,1450,0.26555294,0.00037815128853253556,0.2,0.9671981930732727,-0.12977507710456848,1.5180417329072953,-0.0809456982591655,0.16487377882003784,0.0003,0.65615234375
301056,598.1560294299999,461,242.0,652,147,1460,0.253892,0.0003448296914484672,0.2,0.9681226015090942,-0.1238873302936554,1.5891951255500316,-0.08554402181325713,0.162017822265625,0.0003,0.6546875
303104,599.2719163400001,462,242.0,656,148,1470,0.2605436,0.00039014231811052014,0.2,0.9516957998275757,-0.11359328776597977,1.661490911245346,-0.07931577261770144,0.15884535014629364,0.0003,0.66181640625
305152,600.33745348,462,242.0,659,149,1480,0.28505582,0.00029035040383860176,0.2,0.9688354730606079,-0.12225804477930069,1.752201834693551,-0.08089501634822227,0.15522776544094086,0.0003,0.679052734375
307200,601.75021768,463,242.0,663,150,1490,0.30799925,0.00043498001814441524,0.2,0.958858847618103,-0.1007051020860672,1.8184737049043178,-0.08352694356581196,0.15350548923015594,0.0003,0.659033203125
309248,602.7171288799999,463,242.0,666,151,1500,0.2865205,0.0004766880320858036,0.2,0.9513186812400818,-0.13341283798217773,1.8673992164433002,-0.08366251957777422,0.15122342109680176,0.0003,0.677783203125
311296,603.82628528,464,242.0,670,152,1510,0.29483753,0.00040235794103864463,0.2,0.959262490272522,-0.12129109352827072,1.9194578532129527,-0.08088862775475718,0.149428129196167,0.0003,0.681494140625
313344,605.05013779,464,242.0,673,153,1520,0.29831094,0.00038619389029008743,0.2,0.9652780294418335,-0.10247064381837845,1.972598161548376,-0.07722908749274211,0.14725273847579956,0.0003,0.6740234375
315392,607.11542512,465,242.0,677,154,1530,0.28935003,0.0003585119230592682,0.2,0.9601841568946838,-0.10058081895112991,2.0271111436188223,-0.07804723942681449,0.14517802000045776,0.0003,0.675537109375
317440,607.70268148,466,242.0,681,155,1540,0.33375365,0.0002768341686532949,0.2,0.9463434219360352,-0.1423499435186386,2.094668623059988,-0.0820071236725198,0.14221101999282837,0.0003,0.68076171875
319488,609.1409313400001,466,242.0,684,156,1550,0.3329875,0.0005003301718716103,0.2,0.9136662483215332,-0.12057619541883469,2.1636510625481606,-0.07912694680999266,0.14028754830360413,0.0003,0.693359375
321536,610.23315948,467,242.0,688,157,1560,0.39168647,0.00043077895697933853,0.2,0.9472909569740295,-0.12293916195631027,2.2166237868368626,-0.07800816380768083,0.1384028047323227,0.0003,0.68974609375
323584,611.3028357799999,467,242.0,691,158,1570,0.34314302,0.00046259448945420447,0.2,0.9480326771736145,-0.12653961777687073,2.2647164523601533,-0.08081190768280067,0.13730169832706451,0.0003,0.701318359375
325632,611.93960454,468,242.0,695,159,1580,0.33245105,0.0004443834553057968,0.2,0.9467931389808655,-0.12270117551088333,2.309567691385746,-0.08192749525478575,0.13496127724647522,0.0003,0.691162109375
327680,612.55325382,468,242.0,699,160,1590,0.35418093,0.0005040106319938786,0.2,0.9450392127037048,-0.10897725075483322,2.3899406976997852,-0.07253039565839572,0.13228946924209595,0.0003,0.686279296875
329728,613.44330424,469,242.0,702,161,1600,0.3764245,0.0005118512679473497,0.2,0.9194791316986084,-0.06682545691728592,2.4408897183835507,-0.07785788701730781,0.13082031905651093,0.0003,0.69794921875
331776,613.73171258,469,242.0,706,162,1610,0.33798712,0.00030641640546491544,0.2,0.9522769451141357,-0.12951602041721344,2.494517255574465,-0.07642972075918805,0.12887099385261536,0.0003,0.693603515625
333824,614.7963795999999,470,242.0,710,163,1620,0.37298155,0.00039289469964387536,0.2,0.933675229549408,-0.14254437386989594,2.5596078999340532,-0.076459921876085,0.12697912752628326,0.0003,0.70322265625
335872,615.8973134199999,470,242.0,713,164,1630,0.36996835,0.0003172411803461728,0.2,0.9513989090919495,-0.1160343810915947,2.599100349098444,-0.07877754791552434,0.12589409947395325,0.0003,0.707275390625
337920,614.8239479599999,470,241.39,717,165,1640,0.42429444,0.00042697471462815884,0.2,0.932435929775238,-0.0980849415063858,2.6603483863174917,-0.0758674343524035,0.12345901131629944,0.0003,0.71513671875
339968,614.9850474100001,471,241.39,721,166,1650,0.38398325,0.0004956237322403467,0.2,0.9354618191719055,-0.09339639544487,2.735507217049599,-0.07599501776567194,0.12104339897632599,0.0003,0.713720703125
342016,616.0010028900001,471,241.39,724,167,1660,0.42387408,0.00038330563183990306,0.2,0.9503594636917114,-0.09044189751148224,2.7980554357171057,-0.07063782557670492,0.11957305669784546,0.0003,0.715478515625
344064,616.16972215,472,241.39,728,168,1670,0.4182937,0.0004442818657935277,0.2,0.9437949657440186,-0.10743109881877899,2.831226199120283,-0.07252551080018747,0.11899107694625854,0.0003,0.7201171875
346112,617.0859055599999,472,241.39,731,169,1680,0.42658585,0.0004134465925289987,0.2,0.9419755339622498,-0.12519198656082153,2.872076390683651,-0.0688771337736398,0.11720876395702362,0.0003,0.717822265625
348160,617.8633920699999,473,241.39,735,170,1690,0.41917306,0.00042835863887376037,0.2,0.9448858499526978,-0.09831216186285019,2.9284455798566342,-0.0713282173492189,0.1157422661781311,0.0003,0.72216796875
350208,618.759767,473,241.39,739,171,1700,0.40510362,0.00032585325789113995,0.2,0.9205731153488159,-0.12040677666664124,2.981615573912859,-0.06990670421510004,0.11410679668188095,0.0003,0.732177734375
352256,620.5873986700001,474,241.39,742,172,1710,0.51245326,0.00034923888988487307,0.2,0.9342100620269775,-0.08125030994415283,3.0381045304238796,-0.06872648388089146,0.1124190166592598,0.0003,0.740869140625
354304,621.7520125099999,474,241.39,746,173,1720,0.42311844,0.00040375655489697235,0.2,0.9305843710899353,-0.08609030395746231,3.079120113700628,-0.06636359797848854,0.11168273538351059,0.0003,0.706103515625
356352,622.4108280099999,475,241.39,749,174,1730,0.464878,0.0003655469950899715,0.2,0.9358155131340027,-0.11201078444719315,3.1319018438458444,-0.06633280258101877,0.10975992679595947,0.0003,0.72568359375
358400,623.12725343,475,241.39,753,175,1740,0.5840892,0.00040406957464256266,0.2,0.9316582679748535,-0.14074547588825226,3.189722395688295,-0.06839983363170177,0.10845055431127548,0.0003,0.7361328125
360448,625.69330684,476,242.0,757,176,1750,0.5214672,0.00032598285342828605,0.2,0.9470897912979126,-0.13239958882331848,3.2435087829828264,-0.06297321413294413,0.10692093521356583,0.0003,0.734716796875
362496,625.91394532,476,242.0,760,177,1760,0.45280027,0.0004346804751548916,0.2,0.9491665959358215,-0.12743009626865387,3.314815823733807,-0.06694515482959104,0.10476706922054291,0.0003,0.72890625
364544,627.19441589,476,242.0,764,178,1770,0.5875519,0.0005574842915848421,0.2,0.9179922938346863,-0.11115938425064087,3.390075562149286,-0.06676414287067019,0.10306236147880554,0.0003,0.741015625
366592,627.6540564499999,477,242.0,768,179,1780,0.5346073,0.00045170401672294246,0.2,0.9496691823005676,-0.11396955698728561,3.441399545222521,-0.06400239572685677,0.10169944912195206,0.0003,0.74267578125
368640,629.27548363,477,242.0,771,180,1790,0.5360167,0.0004842218031626544,0.2,0.9494303464889526,-0.13003310561180115,3.490209727734327,-0.06067901608184911,0.10086420178413391,0.0003,0.74833984375
370688,630.07478238,478,242.0,775,181,1800,0.5484837,0.00047170222424028905,0.2,0.9282474517822266,-0.11298675090074539,3.542294572293758,-0.06222352390177548,0.09902480989694595,0.0003,0.752783203125
372736,630.90261388,478,242.0,778,182,1810,0.6200082,0.00046320258543346425,0.2,0.9200302362442017,-0.07367276400327682,3.606417242437601,-0.06371145884331782,0.09752069413661957,0.0003,0.75498046875
374784,631.36560413,478,242.0,782,183,1820,0.57229745,0.0004741536303754401,0.2,0.9445593953132629,-0.08534237742424011,3.672266513109207,-0.06409999796014745,0.09613677859306335,0.0003,0.750439453125
376832,631.6635529600001,479,242.0,786,184,1830,0.5880986,0.0004318800813962298,0.2,0.9368525743484497,-0.11073265224695206,3.715949123352766,-0.05833205739036203,0.09530383348464966,0.0003,0.757861328125
378880,631.5415330699999,479,242.0,789,185,1840,0.5967704,0.0005973586224172322,0.2,0.9164586663246155,-0.13528218865394592,3.7631527528166773,-0.058200095110805705,0.0937429741024971,0.0003,0.75283203125
380928,632.45431547,480,242.0,793,186,1850,0.5763231,0.0005373381312892888,0.2,0.9344466328620911,-0.11893456429243088,3.8309619031846522,-0.06199777292276849,0.09210179001092911,0.0003,0.746533203125
382976,633.31111891,480,242.0,796,187,1860,0.5874157,0.00043700422843357957,0.2,0.9437003135681152,-0.08865208923816681,3.887406475096941,-0.06053970315260813,0.09135902673006058,0.0003,0.764111328125
385024,634.04068735,481,242.0,800,188,1870,0.5896796,0.0004172407881014806,0.2,0.9392523169517517,-0.06890173256397247,3.921851298958063,-0.06252275755396113,0.09054313600063324,0.0003,0.7619140625
387072,634.98273965,480,242.0,804,189,1880,0.679862,0.00035040848115386325,0.2,0.9417459964752197,-0.11183828115463257,3.963541529327631,-0.06049222806323087,0.08927293866872787,0.0003,0.76357421875
389120,635.1638668300001,480,242.0,809,190,1890,0.67036825,0.0003457926569808478,0.2,0.9461329579353333,-0.1327739804983139,4.024455034732819,-0.06146645326080034,0.0881277322769165,0.0003,0.768115234375
391168,635.5467607799999,481,242.0,813,191,1900,0.70165575,0.00036769451257896436,0.2,0.9374208450317383,-0.10144180059432983,4.06408059000969,-0.061397764351568185,0.08703987300395966,0.0003,0.765380859375
393216,635.83876297,481,242.0,816,192,1910,0.6613965,0.0002615261368191568,0.2,0.9573026895523071,-0.09810047596693039,4.116348215937615,-0.04947112179652322,0.08613305538892746,0.0003,0.777978515625
395264,635.73125001,480,242.0,822,193,1920,0.6959983,0.00028711869426842893,0.2,0.9565159678459167,-0.108538419008255,4.158058582246303,-0.05558650778693845,0.08515854179859161,0.0003,0.77490234375
397312,636.4988578199999,480,242.0,826,194,1930,0.75458145,0.00034495234945097764,0.2,0.9570653438568115,-0.1319379061460495,4.218240059912205,-0.05474261196213774,0.08346465975046158,0.0003,0.764794921875
399360,636.85511476,480,242.0,830,195,1940,0.8153162,0.000372570359513702,0.2,0.9447857141494751,-0.08907289803028107,4.284830926358699,-0.057979610213078556,0.08235824853181839,0.0003,0.776123046875
401408,637.4551080000001,481,242.0,834,196,1950,0.8587054,0.0003222116554297827,0.2,0.957218587398529,-0.1327919065952301,4.330297785997391,-0.046941203424648845,0.08160470426082611,0.0003,0.78544921875
403456,638.4640306,481,242.0,837,197,1960,0.68561834,0.00041041053923436267,0.2,0.9445231556892395,-0.1252138912677765,4.373458243906498,-0.04827834038005676,0.08042869716882706,0.0003,0.78095703125
405504,639.05275886,481,242.0,841,198,1970,0.7712221,0.0003047808451356104,0.2,0.9651997089385986,-0.1075257956981659,4.42218358963728,-0.04969543233746663,0.07974407076835632,0.0003,0.78369140625
407552,639.74552272,482,242.0,845,199,1980,0.806774,0.00026586860803945456,0.2,0.9665683507919312,-0.09772584587335587,4.456754466891288,-0.050205133606505116,0.07902699708938599,0.0003,0.789306640625
409600,640.01560685,481,242.0,849,200,1990,0.71427596,0.0002951642882635497,0.2,0.9651181697845459,-0.10749297589063644,4.489565433561802,-0.0520520433987258,0.07826945930719376,0.0003,0.7802734375
411648,640.3630802300002,482,242.0,853,201,2000,0.69432604,0.0003171625276081613,0.2,0.9490559101104736,-0.1202697679400444,4.509491029381752,-0.042415379162412135,0.07806868851184845,0.0003,0.793896484375
413696,641.26785202,482,242.0,857,202,2010,0.7890613,0.0003199494670298009,0.2,0.9327260255813599,-0.06931562721729279,4.541256959736347,-0.047270595910958946,0.07734472304582596,0.0003,0.783642578125
415744,642.1304989700001,482,242.0,861,203,2020,0.8750247,0.00037605640295623743,0.2,0.944604754447937,-0.0951382964849472,4.583700789511203,-0.04824294591962826,0.07640250027179718,0.0003,0.7857421875
417792,642.9900923499999,482,242.0,865,204,2030,0.9231402,0.0003586058370729006,0.2,0.9535155296325684,-0.12869064509868622,4.623206575214863,-0.044169228966347875,0.07590533047914505,0.0003,0.7892578125
419840,643.2125467000001,483,242.0,868,205,2040,0.83279735,0.00030677563163408197,0.2,0.9618157148361206,-0.09916741400957108,4.647042405605316,-0.04545893594040536,0.07533276826143265,0.0003,0.797119140625
421888,643.87139168,483,242.0,872,206,2050,0.88174164,0.0003684743942358182,0.2,0.9443241953849792,-0.06788206845521927,4.689777141809463,-0.045818668496212925,0.07424212992191315,0.0003,0.801025390625
423936,644.41903483,484,242.0,875,207,2060,0.7679169,0.000362286152494562,0.2,0.9545122981071472,-0.12083929777145386,4.72656160145998,-0.04485611364070792,0.07395753264427185,0.0003,0.78935546875
425984,645.35981925,484,242.0,879,208,2070,0.8425831,0.0003499430839838169,0.2,0.9493206143379211,-0.07963106036186218,4.736587300896645,-0.03949792821658775,0.07376089692115784,0.0003,0.794775390625
428032,645.6981693700001,484,242.0,882,209,2080,0.8075596,0.00035470844818519254,0.2,0.9573567509651184,-0.028444454073905945,4.754449932277202,-0.03716832610080019,0.073341503739357,0.0003,0.804638671875
430080,646.82388414,485,242.0,886,210,2090,0.8738382,0.00032206772780227764,0.2,0.9587481617927551,-0.04877088591456413,4.7909281387925144,-0.038615653160377406,0.07251960039138794,0.0003,0.802392578125
432128,647.4109053299999,485,242.0,890,211,2100,0.86011183,0.000341632527351976,0.2,0.9620086550712585,-0.08532661944627762,4.812553207576275,-0.03954066333390074,0.07253125309944153,0.0003,0.801123046875
434176,648.3211913,485,242.0,893,212,2110,0.8361301,0.0002824392890488525,0.2,0.9541466236114502,-0.1133340373635292,4.835253199934959,-0.045616372060612774,0.07166114449501038,0.0003,0.792333984375
436224,648.6286761,486,242.0,897,213,2120,0.9452162,0.0003091048257374496,0.2,0.9615827798843384,-0.09650467336177826,4.885344240069389,-0.04748141705349553,0.07074352353811264,0.0003,0.800341796875
438272,649.93800132,486,242.0,901,214,2130,0.8135004,0.00039809300683373293,0.2,0.9569896459579468,-0.1279599815607071,4.916191378235817,-0.0441667220526142,0.07061459124088287,0.0003,0.80107421875
440320,650.3870223999999,486,242.0,905,215,2140,0.8844738,0.00032246661371573284,0.2,0.9568400382995605,-0.09652673453092575,4.9233998015522955,-0.03759859380224952,0.07035122811794281,0.0003,0.80458984375
442368,651.4312411000001,486,242.0,909,216,2150,0.9094706,0.0004333660430347663,0.2,0.9503713250160217,-0.08282335102558136,4.9331379070878025,-0.04766610711521935,0.07022275775671005,0.0003,0.79970703125
444416,652.3123160699998,486,242.0,913,217,2160,0.900378,0.0003337807529078418,0.2,0.9596781730651855,-0.0815955251455307,4.948319768905639,-0.04437905355298426,0.06991192698478699,0.0003,0.80087890625
446464,652.38874275,486,242.0,916,218,2170,0.96281725,0.00043612105632746535,0.2,0.9478994011878967,-0.10628512501716614,4.978874154388905,-0.026351243288081604,0.06911907345056534,0.0003,0.8046875
448512,653.8234650999999,487,242.0,920,219,2180,0.9346704,0.00045867150952290104,0.2,0.9502249956130981,-0.0818643718957901,5.012230652570724,-0.03777927625342272,0.06867235898971558,0.0003,0.810546875
450560,654.29552049,487,242.0,923,220,2190,0.9713167,0.0003500759693451982,0.2,0.9579537510871887,-0.03871816396713257,5.047109447419643,-0.03503791944604018,0.06791631877422333,0.0003,0.81787109375
452608,654.9865626,487,242.0,927,221,2200,1.0495794,0.00040314886041414866,0.2,0.9401882290840149,-0.09709730744361877,5.071713700890541,-0.010697396998875775,0.06784175336360931,0.0003,0.823095703125
454656,655.02166274,488,242.0,931,222,2210,0.91796464,0.00028494784278336737,0.2,0.9649788737297058,-0.06889007985591888,5.077333714067936,-0.027434957833611405,0.06770886480808258,0.0003,0.808740234375
456704,655.31165247,488,242.0,934,223,2220,0.9362307,0.00042008248451566035,0.2,0.9340906739234924,-0.10186578333377838,5.0986056730151175,-0.03248420398304006,0.06733481585979462,0.0003,0.803662109375
458752,655.17313103,488,242.0,938,224,2230,0.8966702,0.0003209420582606981,0.2,0.9626675248146057,-0.07562720030546188,5.129353711009026,-0.03253923418960767,0.06657008826732635,0.0003,0.806640625
460800,655.28446071,489,242.0,941,225,2240,0.98794264,0.00041916917939488485,0.2,0.9353386759757996,-0.0960438922047615,5.16589869260788,-0.029906786483479664,0.06617799401283264,0.0003,0.799462890625
462848,654.72869175,489,242.0,945,226,2250,0.96920836,0.00034764461752274657,0.2,0.9504720568656921,-0.09818653762340546,5.179273810982704,-0.03569697682687547,0.0660073533654213,0.0003,0.81435546875
464896,655.2139344599999,489,242.0,948,227,2260,0.9682163,0.0003076576157582167,0.2,0.963383138179779,-0.08499403297901154,5.18613740503788,-0.02548209950036835,0.06581741571426392,0.0003,0.81640625
466944,655.6639871399999,490,242.0,952,228,2270,0.9636494,0.0002515394538477267,0.2,0.9605916142463684,-0.06991275399923325,5.207658542692661,-0.032863867626292634,0.06532247364521027,0.0003,0.80478515625
468992,656.2554973,490,242.0,956,229,2280,0.9201139,0.00029865069463994585,0.2,0.9558683633804321,-0.11849529296159744,5.248496934771538,-0.03693451559811365,0.06460144370794296,0.0003,0.814013671875
471040,656.10318723,490,242.0,959,230,2290,1.0029999,0.000364035088887249,0.2,0.9509403109550476,-0.05363548919558525,5.289883854985237,-0.03341467484715395,0.0639059990644455,0.0003,0.809521484375
473088,655.086386,491,242.0,963,231,2300,0.97281724,0.0003166636209243734,0.2,0.9683669805526733,-0.0452437587082386,5.335739400982857,-0.033174282376421615,0.06322383135557175,0.0003,0.812890625
475136,655.27769553,491,242.0,966,232,2310,0.90194416,0.00045758589631077483,0.2,0.9301910400390625,-0.06250481307506561,5.3703510269522665,-0.024129918236576488,0.06292098760604858,0.0003,0.811572265625
477184,654.9054608199999,491,242.0,970,233,2320,1.0425868,0.0004215490469505312,0.2,0.9474180340766907,-0.09072594344615936,5.377679073810578,-0.00386942335171625,0.06278670579195023,0.0003,0.82275390625
479232,654.54784948,492,242.0,973,234,2330,0.89870954,0.00038362192603926817,0.2,0.9478915333747864,-0.08400418609380722,5.401532144844532,-0.021582664953893983,0.06217215210199356,0.0003,0.81435546875
481280,654.3035351599999,492,242.0,977,235,2340,0.92085385,0.00047841549339864284,0.2,0.9444941282272339,-0.08522500097751617,5.43344766497612,-0.02315981729188934,0.061693109571933746,0.0003,0.81552734375
483328,654.5724794,492,242.0,981,236,2350,1.1144558,0.00048448224652020144,0.2,0.9431259632110596,-0.09123121201992035,5.463603320717811,-0.027716367642278784,0.06151404231786728,0.0003,0.82236328125
485376,654.34070572,492,242.0,984,237,2360,0.87692916,0.0005032871915318538,0.2,0.948881208896637,-0.08220180124044418,5.485840357840061,-0.015148218908871058,0.06084713339805603,0.0003,0.828515625
487424,654.2387994300001,493,242.0,988,238,2370,1.1413476,0.0004999845493330213,0.2,0.9409362077713013,-0.1013985201716423,5.525586359202862,-0.010932182334363461,0.06040487810969353,0.0003,0.829541015625
489472,654.59484034,493,242.0,991,239,2380,1.0621824,0.00040411098993899943,0.2,0.955460250377655,-0.09621863067150116,5.550598120689392,-0.009499343394418247,0.06003376096487045,0.0003,0.82119140625
491520,654.8006644100001,493,242.0,995,240,2390,2.249083,0.0003020646533514082,0.2,0.9510601758956909,-0.09156503528356552,5.568419314920902,-0.028520485934859608,0.059834279119968414,0.0003,0.827587890625
493568,654.22141274,494,242.0,998,241,2400,1.0833888,0.0003304796375687147,0.2,0.9653082489967346,-0.0724593922495842,5.571929177641868,-0.016406401485437528,0.05990684777498245,0.0003,0.81669921875
495616,654.5586514700001,494,242.0,1002,242,2410,1.1049523,0.00043594419130386084,0.2,0.9554864168167114,-0.08269407600164413,5.576109519600868,0.00228166853194125,0.05972258001565933,0.0003,0.8330078125
497664,654.94732049,494,242.0,1005,243,2420,1.0307137,0.0003306067502762744,0.2,0.9635105133056641,-0.09288088232278824,5.59134950786829,-0.01516188558016438,0.05933581292629242,0.0003,0.823486328125
499712,654.5894459000001,494,242.0,1009,244,2430,1.5005126,0.000383783098686763,0.2,0.9505631327629089,-0.054158810526132584,5.616825501620769,-0.018474614367005416,0.05908183753490448,0.0003,0.8322265625
501760,655.23944166,495,242.0,1013,245,2440,1.0438809,0.0003279157516772102,0.2,0.964587926864624,-0.06329845637083054,5.641951684653759,-0.013677820059820078,0.058565735816955566,0.0003,0.8248046875
